ID,year,country,continent,sample_type,lzd_genotype,van_operon,cfr,cfrB,cfrD,optrA,poxtA
GCA_001878735.4,2013,Brazil,South America,nonclinical,"cfr, optrA",-,yes,,,yes,
GCA_020180825.1,2018,Italy,Europe,nonclinical,cfr(D),-,,,yes,,
GCA_020180875.1,2019,Italy,Europe,nonclinical,cfr(D),-,,,yes,,
GCA_020180935.1,2019,Italy,Europe,nonclinical,cfr(D),-,,,yes,,
GCA_020616875.1,2020,South Korea,Asia,nonclinical,cfr(D),-,,,yes,,
GCA_020616935.1,2019,South Korea,Asia,nonclinical,"cfr(D), optrA",-,,,yes,yes,
GCA_023375265.1,2022,,,nonclinical,cfr(D),-,,,yes,,
GCA_023650735.1,2021,China,Asia,nonclinical,"cfr, cfr(D), optrA",-,yes,,yes,yes,
GCA_023702145.1,2021,China,Asia,nonclinical,"cfr(D), optrA",-,,,yes,yes,
GCA_024579755.1,2020,China,Asia,nonclinical,"cfr(D), optrA",-,,,yes,yes,
GCA_024579795.1,2020,China,Asia,nonclinical,"cfr(D), optrA",-,,,yes,yes,
GCA_026201915.1,2021,China,Asia,nonclinical,"cfr(D), optrA",-,,,yes,yes,
GCA_026201965.1,2021,China,Asia,nonclinical,"cfr(D), optrA",-,,,yes,yes,
GCA_026202015.1,2021,China,Asia,nonclinical,"cfr(D), optrA",-,,,yes,yes,
GCA_026202035.1,2021,China,Asia,nonclinical,"cfr(D), optrA",-,,,yes,yes,
GCA_026202075.1,2021,China,Asia,nonclinical,"cfr(D), optrA",-,,,yes,yes,
GCA_026202155.1,2021,China,Asia,nonclinical,"cfr(D), optrA",-,,,yes,yes,
GCA_026202175.1,2021,China,Asia,nonclinical,"cfr(D), optrA",-,,,yes,yes,
GCA_026202275.1,2021,China,Asia,nonclinical,"cfr(D), optrA",-,,,yes,yes,
GCA_026203115.1,2021,China,Asia,nonclinical,"cfr(D), optrA",-,,,yes,yes,
GCA_026203165.1,2021,China,Asia,nonclinical,"cfr(D), optrA",-,,,yes,yes,
GCA_026203185.1,2021,China,Asia,nonclinical,"cfr(D), optrA",-,,,yes,yes,
GCA_028532705.1,2021,China,Asia,nonclinical,"cfr, cfr(D), optrA",-,yes,,yes,yes,
GCA_028621735.1,2021,China,Asia,nonclinical,"cfr, optrA",-,yes,,,yes,
GCA_028621755.1,2021,China,Asia,nonclinical,"cfr(D), optrA",-,,,yes,yes,
GCA_028621775.1,2021,China,Asia,nonclinical,"cfr, optrA",-,yes,,,yes,
GCA_001806515.1,2021,Japan,Asia,nonclinical,optrA,,,,,yes,
GCA_002009465.1,2021,Japan,Asia,nonclinical,optrA,,,,,yes,
GCA_002009545.1,2021,Japan,Asia,nonclinical,optrA,,,,,yes,
GCA_002009565.1,2021,Japan,Asia,nonclinical,optrA,,,,,yes,
GCA_002220885.1,2021,Japan,Asia,nonclinical,optrA,,,,,yes,
GCA_009830485.1,2012,Malaysia,Asia,nonclinical,optrA,,,,,yes,
GCA_009830505.1,2012,Malaysia,Asia,nonclinical,optrA,,,,,yes,
GCA_009830525.1,2012,Malaysia,Asia,nonclinical,optrA,,,,,yes,
GCA_009830535.1,2012,Malaysia,Asia,nonclinical,optrA,,,,,yes,
GCA_009830565.1,2014,Colombia,South America,nonclinical,optrA,,,,,yes,
GCA_009830615.1,2013,Brazil,South America,nonclinical,optrA,,,,,yes,
GCA_009830655.1,2013,USA,North America,nonclinical,optrA,,,,,yes,
GCA_009830675.1,2017,Tunisia,Asia,nonclinical,optrA,,,,,yes,
GCA_009830695.1,2017,Tunisia,Asia,nonclinical,optrA,,,,,yes,
GCA_009830715.1,2017,Tunisia,Asia,nonclinical,optrA,,,,,yes,
GCA_009830735.1,2017,Tunisia,Asia,nonclinical,optrA,,,,,yes,
GCA_009830765.1,2013,Brazil,South America,nonclinical,optrA,,,,,yes,
GCA_009830775.1,2016,China,Asia,nonclinical,optrA,,,,,yes,
GCA_009830815.1,2016,China,Asia,nonclinical,optrA,,,,,yes,
GCA_009830835.1,2016,China,Asia,nonclinical,optrA,,,,,yes,
GCA_009830855.1,2016,China,Asia,nonclinical,optrA,,,,,yes,
GCA_009830875.1,2016,China,Asia,nonclinical,optrA,,,,,yes,
GCA_009914685.3,2016,China,Asia,nonclinical,optrA,,,,,yes,
GCA_011193375.1,2016,China,Asia,nonclinical,optrA,,,,,yes,
GCA_014212115.1,2013,Brazil,South America,nonclinical,optrA,,,,,yes,
GCA_014212215.1,2016,China,Asia,nonclinical,optrA,,,,,yes,
GCA_014212225.1,2016,China,Asia,nonclinical,optrA,,,,,yes,
GCA_015292825.1,2016,China,Asia,nonclinical,optrA,,,,,yes,
GCA_015293385.1,2016,China,Asia,nonclinical,optrA,,,,,yes,
GCA_015293405.1,2016,China,Asia,nonclinical,optrA,,,,,yes,
GCA_015300025.1,2016,China,Asia,nonclinical,optrA,,,,,yes,
GCA_015300605.1,2016,China,Asia,nonclinical,optrA,,,,,yes,
GCA_015315065.1,2016,China,Asia,nonclinical,optrA,,,,,yes,
GCA_015690905.1,2016,China,Asia,nonclinical,optrA,,,,,yes,
GCA_015920145.1,2016,China,Asia,nonclinical,optrA,,,,,yes,
GCA_015958805.1,2016,China,Asia,nonclinical,optrA,,,,,yes,
GCA_016636325.1,2016,China,Asia,nonclinical,optrA,,,,,yes,
GCA_018253765.1,2017,China,Asia,nonclinical,optrA,,,,,yes,
GCA_018253835.1,2019,USA,North America,nonclinical,optrA,,,,,yes,
GCA_018253895.1,2019,USA,North America,nonclinical,optrA,,,,,yes,
GCA_019352775.1,2016,South Korea,Asia,nonclinical,"optrA, poxtA",,,,,yes,yes
GCA_019352835.1,2016,South Korea,Asia,nonclinical,"optrA, poxtA",,,,,yes,yes
GCA_019352855.1,2016,South Korea,Asia,nonclinical,"optrA, poxtA",,,,,yes,yes
GCA_021124585.1,2020,USA,North America,nonclinical,"optrA, poxtA",,,,,yes,yes
GCA_021124605.1,2020,USA,North America,nonclinical,"optrA, poxtA",,,,,yes,yes
GCA_022516035.1,2020,USA,North America,nonclinical,optrA,,,,,yes,
GCA_022935985.1,2020,USA,North America,nonclinical,optrA,,,,,yes,
GCA_023182655.2,2020,USA,North America,nonclinical,optrA,,,,,yes,
GCA_023182675.2,2019,USA,North America,nonclinical,optrA,,,,,yes,
GCA_023182755.2,2021,USA,North America,nonclinical,optrA,,,,,yes,
GCA_023299525.1,2018,China,Asia,nonclinical,optrA,,,,,yes,
GCA_023299545.1,2018,China,Asia,nonclinical,optrA,,,,,yes,
GCA_023299585.1,2018,South Korea,Asia,nonclinical,optrA,,,,,yes,
GCA_023299605.1,2017,China,Asia,nonclinical,optrA,,,,,yes,
GCA_023299645.1,2021,,,nonclinical,optrA,,,,,yes,
GCA_023299665.1,2021,,,nonclinical,optrA,,,,,yes,
GCA_023299685.1,2021,,,nonclinical,optrA,,,,,yes,
GCA_023299705.1,2021,,,nonclinical,optrA,,,,,yes,
GCA_023299785.1,2021,,,nonclinical,optrA,,,,,yes,
GCA_023300025.1,2021,,,nonclinical,optrA,,,,,yes,
GCA_023375245.1,2021,,,nonclinical,optrA,,,,,yes,
GCA_023470065.1,2021,,,nonclinical,optrA,,,,,yes,
GCA_023746575.1,2021,,,nonclinical,optrA,,,,,yes,
GCA_024160685.1,2021,,,nonclinical,optrA,,,,,yes,
GCA_024160745.1,2021,,,nonclinical,optrA,,,,,yes,
GCA_024160765.1,2021,,,nonclinical,optrA,,,,,yes,
GCA_024160795.1,2021,,,nonclinical,optrA,,,,,yes,
GCA_024267595.1,2021,,,nonclinical,optrA,,,,,yes,
GCA_024483145.1,2021,,,nonclinical,optrA,,,,,yes,
GCA_024483525.1,2022,USA,North America,nonclinical,optrA,,,,,yes,
GCA_024487685.1,2022,USA,North America,nonclinical,optrA,,,,,yes,
GCA_025753445.1,2019,China,Asia,nonclinical,optrA,,,,,yes,
GCA_025753475.1,2019,China,Asia,nonclinical,optrA,,,,,yes,
GCA_025753535.1,2019,China,Asia,nonclinical,optrA,,,,,yes,
GCA_025753545.1,2019,China,Asia,nonclinical,optrA,,,,,yes,
GCA_025753595.1,2019,China,Asia,nonclinical,optrA,,,,,yes,
GCA_025753605.1,2019,China,Asia,nonclinical,optrA,,,,,yes,
GCA_025753635.1,2019,China,Asia,nonclinical,optrA,,,,,yes,
GCA_025753675.1,2019,China,Asia,nonclinical,optrA,,,,,yes,
GCA_025753695.1,2019,China,Asia,nonclinical,optrA,,,,,yes,
GCA_025753705.1,2019,China,Asia,nonclinical,optrA,,,,,yes,
GCA_025753735.1,2019,China,Asia,nonclinical,optrA,,,,,yes,
GCA_025776135.1,2019,China,Asia,nonclinical,optrA,,,,,yes,
GCA_026200775.1,2019,China,Asia,nonclinical,optrA,,,,,yes,
GCA_026200795.1,2019,China,Asia,nonclinical,optrA,,,,,yes,
GCA_026200815.1,2019,China,Asia,nonclinical,optrA,,,,,yes,
GCA_026200825.1,2019,China,Asia,nonclinical,optrA,,,,,yes,
GCA_026200835.1,2019,China,Asia,nonclinical,optrA,,,,,yes,
GCA_026200845.1,2019,China,Asia,nonclinical,optrA,,,,,yes,
GCA_026200895.1,2019,China,Asia,nonclinical,optrA,,,,,yes,
GCA_026201135.1,2021,China,Asia,nonclinical,optrA,,,,,yes,
GCA_026201175.1,2020,Italy,Europe,nonclinical,optrA,,,,,yes,
GCA_026201195.1,2020,Italy,Europe,nonclinical,optrA,,,,,yes,
GCA_026201215.1,2020,Italy,Europe,nonclinical,optrA,,,,,yes,
GCA_026201225.1,2020,Italy,Europe,nonclinical,optrA,,,,,yes,
GCA_026201235.1,2021,United Arab Emirates,Asia,nonclinical,optrA,,,,,yes,
GCA_026201265.1,2021,United Arab Emirates,Asia,nonclinical,optrA,,,,,yes,
GCA_026201295.1,2021,United Arab Emirates,Asia,nonclinical,optrA,,,,,yes,
GCA_026201315.1,2021,United Arab Emirates,Asia,nonclinical,optrA,,,,,yes,
GCA_026201325.1,2021,United Arab Emirates,Asia,nonclinical,optrA,,,,,yes,
GCA_026201335.1,2021,United Arab Emirates,Asia,nonclinical,optrA,,,,,yes,
GCA_026201375.1,2021,United Arab Emirates,Asia,nonclinical,optrA,,,,,yes,
GCA_026201395.1,2021,United Arab Emirates,Asia,nonclinical,optrA,,,,,yes,
GCA_026201415.1,2021,United Arab Emirates,Asia,nonclinical,optrA,,,,,yes,
GCA_026201435.1,2021,United Arab Emirates,Asia,nonclinical,optrA,,,,,yes,
GCA_026201475.1,2021,China,Asia,nonclinical,optrA,,,,,yes,
GCA_026201495.1,2021,China,Asia,nonclinical,optrA,,,,,yes,
GCA_026201515.1,2021,China,Asia,nonclinical,optrA,,,,,yes,
GCA_026201535.1,2021,China,Asia,nonclinical,optrA,,,,,yes,
GCA_026201555.1,2021,China,Asia,nonclinical,optrA,,,,,yes,
GCA_026201565.1,2021,China,Asia,nonclinical,optrA,,,,,yes,
GCA_026201595.1,2021,China,Asia,nonclinical,optrA,,,,,yes,
GCA_026201615.1,2021,China,Asia,nonclinical,optrA,,,,,yes,
GCA_026201635.1,2021,China,Asia,nonclinical,optrA,,,,,yes,
GCA_026201655.1,2021,China,Asia,nonclinical,optrA,,,,,yes,
GCA_026201675.1,2021,China,Asia,nonclinical,optrA,,,,,yes,
GCA_026201695.1,2021,China,Asia,nonclinical,optrA,,,,,yes,
GCA_026201725.1,2021,China,Asia,nonclinical,optrA,,,,,yes,
GCA_026201735.1,2021,China,Asia,nonclinical,optrA,,,,,yes,
GCA_026201775.1,2021,China,Asia,nonclinical,optrA,,,,,yes,
GCA_026201795.1,2021,China,Asia,nonclinical,optrA,,,,,yes,
GCA_026201815.1,2021,China,Asia,nonclinical,optrA,,,,,yes,
GCA_026201835.1,2021,China,Asia,nonclinical,optrA,,,,,yes,
GCA_026201845.1,2021,China,Asia,nonclinical,optrA,,,,,yes,
GCA_026201875.1,2021,China,Asia,nonclinical,optrA,,,,,yes,
GCA_026201895.1,2021,China,Asia,nonclinical,optrA,,,,,yes,
GCA_026201925.1,2021,China,Asia,nonclinical,optrA,,,,,yes,
GCA_026201955.1,2021,China,Asia,nonclinical,optrA,,,,,yes,
GCA_026201995.1,2021,China,Asia,nonclinical,optrA,,,,,yes,
GCA_026202025.1,2021,China,Asia,nonclinical,optrA,,,,,yes,
GCA_026202115.1,2021,China,Asia,nonclinical,optrA,,,,,yes,
GCA_026202135.1,2021,China,Asia,nonclinical,optrA,,,,,yes,
GCA_026202195.1,2021,China,Asia,nonclinical,optrA,,,,,yes,
GCA_026202225.1,2021,China,Asia,nonclinical,optrA,,,,,yes,
GCA_026202235.1,2021,China,Asia,nonclinical,optrA,,,,,yes,
GCA_026202285.1,2021,China,Asia,nonclinical,optrA,,,,,yes,
GCA_026202315.1,2021,China,Asia,nonclinical,optrA,,,,,yes,
GCA_026202335.1,2021,China,Asia,nonclinical,optrA,,,,,yes,
GCA_026202355.1,2021,China,Asia,nonclinical,optrA,,,,,yes,
GCA_026202375.1,2021,China,Asia,nonclinical,optrA,,,,,yes,
GCA_026202385.1,2021,China,Asia,nonclinical,optrA,,,,,yes,
GCA_026202415.1,2021,China,Asia,nonclinical,optrA,,,,,yes,
GCA_026202435.1,2021,China,Asia,nonclinical,optrA,,,,,yes,
GCA_026202475.1,2021,China,Asia,nonclinical,optrA,,,,,yes,
GCA_026202495.1,2021,China,Asia,nonclinical,optrA,,,,,yes,
GCA_026202515.1,2021,China,Asia,nonclinical,optrA,,,,,yes,
GCA_026202535.1,2021,China,Asia,nonclinical,optrA,,,,,yes,
GCA_026202555.1,2021,China,Asia,nonclinical,optrA,,,,,yes,
GCA_026202575.1,2021,China,Asia,nonclinical,optrA,,,,,yes,
GCA_026202595.1,2021,China,Asia,nonclinical,optrA,,,,,yes,
GCA_026202615.1,2021,China,Asia,nonclinical,optrA,,,,,yes,
GCA_026202635.1,2021,China,Asia,nonclinical,optrA,,,,,yes,
GCA_026202645.1,2021,China,Asia,nonclinical,optrA,,,,,yes,
GCA_026202675.1,2021,China,Asia,nonclinical,optrA,,,,,yes,
GCA_026202695.1,2021,China,Asia,nonclinical,optrA,,,,,yes,
GCA_026202715.1,2021,China,Asia,nonclinical,optrA,,,,,yes,
GCA_026202725.1,2021,China,Asia,nonclinical,optrA,,,,,yes,
GCA_026202755.1,2021,China,Asia,nonclinical,optrA,,,,,yes,
GCA_026202775.1,2021,China,Asia,nonclinical,optrA,,,,,yes,
GCA_026202785.1,2021,China,Asia,nonclinical,optrA,,,,,yes,
GCA_026202815.1,2021,China,Asia,nonclinical,optrA,,,,,yes,
GCA_026202835.1,2021,China,Asia,nonclinical,optrA,,,,,yes,
GCA_026202855.1,2021,China,Asia,nonclinical,optrA,,,,,yes,
GCA_026202865.1,2021,China,Asia,nonclinical,optrA,,,,,yes,
GCA_026202895.1,2021,China,Asia,nonclinical,optrA,,,,,yes,
GCA_026202915.1,2021,China,Asia,nonclinical,optrA,,,,,yes,
GCA_026202935.1,2021,China,Asia,nonclinical,optrA,,,,,yes,
GCA_026202955.1,2021,China,Asia,nonclinical,optrA,,,,,yes,
GCA_026202975.1,2021,China,Asia,nonclinical,optrA,,,,,yes,
GCA_026202995.1,2021,China,Asia,nonclinical,optrA,,,,,yes,
GCA_026203015.1,2021,China,Asia,nonclinical,optrA,,,,,yes,
GCA_026203035.1,2021,China,Asia,nonclinical,optrA,,,,,yes,
GCA_026203055.1,2021,China,Asia,nonclinical,optrA,,,,,yes,
GCA_026203135.1,2021,China,Asia,nonclinical,optrA,,,,,yes,
GCA_026203215.1,2021,China,Asia,nonclinical,optrA,,,,,yes,
GCA_026203235.1,2021,China,Asia,nonclinical,optrA,,,,,yes,
GCA_026203255.1,2021,China,Asia,nonclinical,optrA,,,,,yes,
GCA_026203275.1,2021,China,Asia,nonclinical,optrA,,,,,yes,
GCA_026203295.1,2021,China,Asia,nonclinical,optrA,,,,,yes,
GCA_026203335.1,2021,China,Asia,nonclinical,optrA,,,,,yes,
GCA_026203355.1,2021,China,Asia,nonclinical,optrA,,,,,yes,
GCA_026203375.1,2021,China,Asia,nonclinical,optrA,,,,,yes,
GCA_026203395.1,2021,China,Asia,nonclinical,optrA,,,,,yes,
GCA_026203405.1,2021,China,Asia,nonclinical,optrA,,,,,yes,
GCA_026203435.1,2021,China,Asia,nonclinical,optrA,,,,,yes,
GCA_026203455.1,2021,China,Asia,nonclinical,optrA,,,,,yes,
GCA_026203465.1,2021,China,Asia,nonclinical,optrA,,,,,yes,
GCA_026203495.1,2021,China,Asia,nonclinical,optrA,,,,,yes,
GCA_026203505.1,2021,China,Asia,nonclinical,optrA,,,,,yes,
GCA_026203535.1,2021,China,Asia,nonclinical,optrA,,,,,yes,
GCA_026203555.1,2021,China,Asia,nonclinical,optrA,,,,,yes,
GCA_026203575.1,2021,China,Asia,nonclinical,optrA,,,,,yes,
GCA_026203595.1,2021,China,Asia,nonclinical,optrA,,,,,yes,
GCA_026203615.1,2021,China,Asia,nonclinical,optrA,,,,,yes,
GCA_026203635.1,2021,China,Asia,nonclinical,optrA,,,,,yes,
GCA_026203715.1,2021,China,Asia,nonclinical,optrA,,,,,yes,
GCA_026203735.1,2021,China,Asia,nonclinical,optrA,,,,,yes,
GCA_026203755.1,2021,China,Asia,nonclinical,optrA,,,,,yes,
GCA_026203775.1,2021,China,Asia,nonclinical,optrA,,,,,yes,
GCA_026203795.1,2021,China,Asia,nonclinical,optrA,,,,,yes,
GCA_026203815.1,2021,China,Asia,nonclinical,optrA,,,,,yes,
GCA_026203835.1,2021,China,Asia,nonclinical,optrA,,,,,yes,
GCA_026203895.1,2021,China,Asia,nonclinical,optrA,,,,,yes,
GCA_026203915.1,2021,China,Asia,nonclinical,optrA,,,,,yes,
GCA_026203935.1,2021,China,Asia,nonclinical,optrA,,,,,yes,
GCA_026203955.1,2021,China,Asia,nonclinical,optrA,,,,,yes,
GCA_026203975.1,2021,China,Asia,nonclinical,optrA,,,,,yes,
GCA_026203995.1,2021,China,Asia,nonclinical,optrA,,,,,yes,
GCA_026204015.1,2021,China,Asia,nonclinical,optrA,,,,,yes,
GCA_026204035.1,2021,China,Asia,nonclinical,optrA,,,,,yes,
GCA_026204045.1,2021,China,Asia,nonclinical,optrA,,,,,yes,
GCA_026204075.1,2021,China,Asia,nonclinical,optrA,,,,,yes,
GCA_026204095.1,2021,China,Asia,nonclinical,optrA,,,,,yes,
GCA_026204155.1,2021,China,Asia,nonclinical,optrA,,,,,yes,
GCA_026204175.1,2021,China,Asia,nonclinical,optrA,,,,,yes,
GCA_026204215.1,2021,China,Asia,nonclinical,optrA,,,,,yes,
GCA_026204235.1,2021,China,Asia,nonclinical,optrA,,,,,yes,
GCA_026204255.1,2021,China,Asia,nonclinical,optrA,,,,,yes,
GCA_026802365.1,2021,China,Asia,nonclinical,optrA,,,,,yes,
GCA_026802385.1,2021,China,Asia,nonclinical,optrA,,,,,yes,
GCA_027846135.1,2021,China,Asia,nonclinical,optrA,,,,,yes,
GCA_027942035.1,2021,China,Asia,nonclinical,optrA,,,,,yes,
GCA_028200655.1,2021,China,Asia,nonclinical,optrA,,,,,yes,
GCA_028200665.1,2021,China,Asia,nonclinical,optrA,,,,,yes,
GCA_028200685.1,2021,China,Asia,nonclinical,optrA,,,,,yes,
GCA_028200755.1,2021,China,Asia,nonclinical,optrA,,,,,yes,
GCA_028335305.1,2021,China,Asia,nonclinical,optrA,,,,,yes,
GCA_028335345.1,2021,China,Asia,nonclinical,optrA,,,,,yes,
GCA_028335425.1,2021,China,Asia,nonclinical,optrA,,,,,yes,
GCA_028335445.1,2021,China,Asia,nonclinical,optrA,,,,,yes,
GCA_028335505.1,2021,China,Asia,nonclinical,optrA,,,,,yes,
GCA_028335545.1,2021,China,Asia,nonclinical,optrA,,,,,yes,
GCA_028335665.1,2021,China,Asia,nonclinical,optrA,,,,,yes,
GCA_028335685.1,2021,China,Asia,nonclinical,optrA,,,,,yes,
GCA_028335705.1,2021,China,Asia,nonclinical,optrA,,,,,yes,
GCA_028335725.1,2021,China,Asia,nonclinical,optrA,,,,,yes,
GCA_029000425.1,2021,China,Asia,nonclinical,optrA,,,,,yes,
GCA_029015825.1,2021,China,Asia,nonclinical,optrA,,,,,yes,
GCA_029375895.1,2021,China,Asia,nonclinical,optrA,,,,,yes,
GCA_029375915.1,2021,China,Asia,nonclinical,optrA,,,,,yes,
GCA_029378775.1,2021,China,Asia,nonclinical,optrA,,,,,yes,
GCA_029378785.1,2021,China,Asia,nonclinical,optrA,,,,,yes,
GCA_029378915.1,2021,China,Asia,nonclinical,optrA,,,,,yes,
GCA_029730335.1,2021,China,Asia,nonclinical,optrA,,,,,yes,
GCA_029730355.1,2021,China,Asia,nonclinical,optrA,,,,,yes,
GCA_029732835.1,2021,China,Asia,nonclinical,optrA,,,,,yes,
GCA_029732845.1,2021,China,Asia,nonclinical,optrA,,,,,yes,
GCA_029732895.1,2021,China,Asia,nonclinical,optrA,,,,,yes,
GCA_029732915.1,2021,China,Asia,nonclinical,optrA,,,,,yes,
GCA_029732935.1,2021,China,Asia,nonclinical,optrA,,,,,yes,
GCA_029732965.1,2021,China,Asia,nonclinical,optrA,,,,,yes,
GCA_029733015.1,2021,China,Asia,nonclinical,optrA,,,,,yes,
GCA_029733025.1,2021,China,Asia,nonclinical,optrA,,,,,yes,
GCA_029733475.1,2019,China,Asia,nonclinical,optrA,,,,,yes,
GCA_029733545.1,2019,China,Asia,nonclinical,optrA,,,,,yes,
GCA_029733595.1,2019,China,Asia,nonclinical,optrA,,,,,yes,
GCA_029733615.1,2019,China,Asia,nonclinical,optrA,,,,,yes,
GCA_029733655.1,2019,China,Asia,nonclinical,optrA,,,,,yes,
GCA_029733665.1,2019,China,Asia,nonclinical,optrA,,,,,yes,
GCA_029733695.1,2019,China,Asia,nonclinical,optrA,,,,,yes,
GCA_029733715.1,2019,China,Asia,nonclinical,optrA,,,,,yes,
GCA_029733735.1,2019,China,Asia,nonclinical,optrA,,,,,yes,
GCA_029733765.1,2019,China,Asia,nonclinical,optrA,,,,,yes,
GCA_029733835.1,2019,China,Asia,nonclinical,optrA,,,,,yes,
GCA_029733935.1,2019,China,Asia,nonclinical,optrA,,,,,yes,
GCA_029733955.1,2022,USA,North America,nonclinical,optrA,,,,,yes,
GCA_029734035.1,2019,China,Asia,nonclinical,optrA,,,,,yes,
GCA_029734045.1,2019,China,Asia,nonclinical,optrA,,,,,yes,
GCA_029734075.1,2019,China,Asia,nonclinical,optrA,,,,,yes,
GCA_029734095.1,2019,China,Asia,nonclinical,optrA,,,,,yes,
GCA_029734105.1,2019,China,Asia,nonclinical,optrA,,,,,yes,
GCA_029734115.1,2019,China,Asia,nonclinical,optrA,,,,,yes,
GCA_029734125.1,2019,China,Asia,nonclinical,optrA,,,,,yes,
GCA_029734175.1,2019,China,Asia,nonclinical,optrA,,,,,yes,
GCA_029734215.1,2019,China,Asia,nonclinical,optrA,,,,,yes,
GCA_029734275.1,2019,China,Asia,nonclinical,optrA,,,,,yes,
GCA_029734295.1,2019,China,Asia,nonclinical,optrA,,,,,yes,
GCA_029734425.1,2019,China,Asia,nonclinical,optrA,,,,,yes,
GCA_029734515.1,2019,China,Asia,nonclinical,optrA,,,,,yes,
GCA_029734775.1,2019,China,Asia,nonclinical,optrA,,,,,yes,
GCA_030064715.1,2019,China,Asia,nonclinical,optrA,,,,,yes,
GCA_030110795.1,2019,China,Asia,nonclinical,optrA,,,,,yes,
GCA_030110845.1,2019,China,Asia,nonclinical,optrA,,,,,yes,
GCA_030295805.1,2021,China,Asia,nonclinical,optrA,,,,,yes,
GCA_030295845.1,2021,China,Asia,nonclinical,optrA,,,,,yes,
GCA_030364555.1,2022,USA,North America,nonclinical,optrA,,,,,yes,
GCA_030364595.1,2023,USA,North America,nonclinical,optrA,,,,,yes,
GCA_030364615.1,2023,USA,North America,nonclinical,optrA,,,,,yes,
GCA_030364645.1,2023,USA,North America,nonclinical,optrA,,,,,yes,
GCA_000788155.1,2011,Denmark,Europe,nonclinical,poxtA,,,,,,yes
GCA_016743895.1,2011,Denmark,Europe,nonclinical,poxtA,,,,,,yes
SRR19309658,2020,Malaysia,Asia,nonclinical,optrA,,,,,yes,
SRR21102103,2019,Belgium,Europe,nonclinical,optrA,,,,,yes,
SRR21102104,2020,Belgium,Europe,nonclinical,optrA,,,,,yes,
SRR21102105,2019,Belgium,Europe,nonclinical,optrA,,,,,yes,
SRR21102106,2020,Belgium,Europe,nonclinical,optrA,,,,,yes,
SRR21102108,2020,Belgium,Europe,nonclinical,optrA,,,,,yes,
SRR21102112,2020,Belgium,Europe,nonclinical,optrA,,,,,yes,
SRR21102117,2020,Belgium,Europe,nonclinical,optrA,,,,,yes,
SRR21102118,2020,Belgium,Europe,nonclinical,optrA,,,,,yes,
SRR21102119,2019,Belgium,Europe,nonclinical,optrA,,,,,yes,
SRR21102120,2019,Belgium,Europe,nonclinical,optrA,,,,,yes,
SRR21102122,2019,Belgium,Europe,nonclinical,optrA,,,,,yes,
SRR21102129,2019,Belgium,Europe,nonclinical,optrA,,,,,yes,
SRR21102132,2019,Belgium,Europe,nonclinical,optrA,,,,,yes,
GCA_019350975.1,2017,South Korea,Asia,clinical,"cfr(D), optrA, poxtA2",,,,yes,yes,yes
GCA_025482015.1,2020,France,Europe,clinical,"cfr, optrA, poxtA",,yes,,,yes,yes
GCA_025482495.1,2019,France,Europe,clinical,"cfr(D), optrA",,,,yes,yes,
GCA_025482715.1,2018,France,Europe,clinical,"cfr(D), optrA",,,,yes,yes,
GCA_025482725.1,2018,France,Europe,clinical,"cfr, optrA",,yes,,,yes,
GCA_026617455.1,2017,USA,North America,clinical,cfr(B),,,yes,,,
GCA_030340465.1,2020,South Korea,Asia,clinical,"cfr(D), poxtA2",,,,yes,,yes
GCA_030340525.1,2020,South Korea,Asia,clinical,"cfr(D), poxtA2",,,,yes,,yes
GCA_030340535.1,2020,South Korea,Asia,clinical,"cfr(D), poxtA2",,,,yes,,yes
GCA_906464875.1,2017,United Kingdom,Europe,clinical,"cfr(D), optrA",,,,yes,yes,
GCA_002973735.1,2016,France,Europe,clinical,optrA,,,,,yes,
GCA_002973775.1,2016,France,Europe,clinical,optrA,,,,,yes,
GCA_002973815.1,2016,France,Europe,clinical,optrA,,,,,yes,
GCA_003962325.1,2015,China,Asia,clinical,optrA,,,,,yes,
GCA_003962375.1,2015,China,Asia,clinical,optrA,,,,,yes,
GCA_003962635.1,2015,China,Asia,clinical,optrA,,,,,yes,
GCA_003962645.1,2015,China,Asia,clinical,optrA,,,,,yes,
GCA_003962685.1,2015,China,Asia,clinical,optrA,,,,,yes,
GCA_004103105.1,2015,China,Asia,clinical,optrA,,,,,yes,
GCA_005979285.1,2017,China,Asia,clinical,optrA,,,,,yes,
GCA_005979305.1,2017,China,Asia,clinical,optrA,,,,,yes,
GCA_013312295.1,2015,Canada,North America,clinical,optrA,,,,,yes,
GCA_013523155.1,2017,Colombia,South America,clinical,optrA,,,,,yes,
GCA_014325425.1,2017,Lebanon,Asia,clinical,optrA,,,,,yes,
GCA_014325545.1,2017,Lebanon,Asia,clinical,optrA,,,,,yes,
GCA_015292605.1,2016,Spain,Europe,clinical,optrA,,,,,yes,
GCA_015292765.1,2016,Spain,Europe,clinical,optrA,,,,,yes,
GCA_015293145.1,2016,Spain,Europe,clinical,optrA,,,,,yes,
GCA_015294225.1,2016,Spain,Europe,clinical,optrA,,,,,yes,
GCA_016847365.1,2019,Belgium,Europe,clinical,optrA,,,,,yes,
GCA_016847525.1,2019,Belgium,Europe,clinical,optrA,,,,,yes,
GCA_016847585.1,2019,Belgium,Europe,clinical,optrA,,,,,yes,
GCA_019731615.1,2020,China,Asia,clinical,optrA,,,,,yes,
GCA_020405635.1,2020,Russia,Asia,clinical,optrA,,,,,yes,
GCA_022427325.1,2017,China,Asia,clinical,"optrA, poxtA",,,,,yes,yes
GCA_022427745.1,2017,China,Asia,clinical,optrA,,,,,yes,
GCA_022427855.1,2017,China,Asia,clinical,optrA,,,,,yes,
GCA_022758225.1,2020,China,Asia,clinical,optrA,,,,,yes,
GCA_024339425.1,2018,Spain,Europe,clinical,optrA,,,,,yes,
GCA_024339435.1,2018,Spain,Europe,clinical,optrA,,,,,yes,
GCA_024339445.1,2018,Spain,Europe,clinical,optrA,,,,,yes,
GCA_024927865.1,2018,Bangladesh,Asia,clinical,optrA,,,,,yes,
GCA_025482075.1,2019,France,Europe,clinical,optrA,,,,,yes,
GCA_025482095.1,2019,France,Europe,clinical,optrA,,,,,yes,
GCA_025482175.1,2019,France,Europe,clinical,optrA,,,,,yes,
GCA_025482215.1,2019,France,Europe,clinical,optrA,,,,,yes,
GCA_025482255.1,2019,France,Europe,clinical,optrA,,,,,yes,
GCA_025482405.1,2019,France,Europe,clinical,optrA,,,,,yes,
GCA_025482435.1,2019,France,Europe,clinical,optrA,,,,,yes,
GCA_025482455.1,2019,France,Europe,clinical,optrA,,,,,yes,
GCA_025482555.1,2019,France,Europe,clinical,optrA,,,,,yes,
GCA_025482575.1,2019,France,Europe,clinical,optrA,,,,,yes,
GCA_025482595.1,2019,France,Europe,clinical,optrA,,,,,yes,
GCA_025482635.1,2019,France,Europe,clinical,optrA,,,,,yes,
GCA_025482655.1,2019,France,Europe,clinical,optrA,,,,,yes,
GCA_025482675.1,2019,France,Europe,clinical,optrA,,,,,yes,
GCA_025482695.1,2019,France,Europe,clinical,optrA,,,,,yes,
GCA_025482785.1,2018,France,Europe,clinical,optrA,,,,,yes,
GCA_025972265.1,2016,Australia,Oceania,clinical,optrA,,,,,yes,
GCA_029866805.1,2020,China,Asia,clinical,optrA,,,,,yes,
GCA_030339965.1,2019,South Korea,Asia,clinical,optrA,,,,,yes,
GCA_030339995.1,2019,South Korea,Asia,clinical,optrA,,,,,yes,
GCA_030340065.1,2019,South Korea,Asia,clinical,optrA,,,,,yes,
GCA_030340205.1,2019,South Korea,Asia,clinical,optrA,,,,,yes,
GCA_030340245.1,2019,South Korea,Asia,clinical,optrA,,,,,yes,
GCA_030340285.1,2019,South Korea,Asia,clinical,optrA,,,,,yes,
GCA_030340305.1,2019,South Korea,Asia,clinical,optrA,,,,,yes,
GCA_030340325.1,2019,South Korea,Asia,clinical,optrA,,,,,yes,
GCA_030340345.1,2019,South Korea,Asia,clinical,optrA,,,,,yes,
GCA_030340385.1,2019,South Korea,Asia,clinical,optrA,,,,,yes,
GCA_030340445.1,2019,South Korea,Asia,clinical,optrA,,,,,yes,
GCA_030340485.1,2020,South Korea,Asia,clinical,optrA,,,,,yes,
GCA_030340565.1,2020,South Korea,Asia,clinical,optrA,,,,,yes,
GCA_030340585.1,2020,South Korea,Asia,clinical,optrA,,,,,yes,
GCA_030340605.1,2020,South Korea,Asia,clinical,optrA,,,,,yes,
GCA_902161825.1,2018,United Kingdom,Europe,clinical,optrA,,,,,yes,
GCA_906464835.1,2017,United Kingdom,Europe,clinical,optrA,,,,,yes,
GCA_906464865.1,2016,United Kingdom,Europe,clinical,optrA,,,,,yes,
GCA_906464915.2,2015,United Kingdom,Europe,clinical,optrA,,,,,yes,
GCA_906464925.1,2017,United Kingdom,Europe,clinical,optrA,,,,,yes,
GCA_018517125.1,2018,France,Europe,clinical,poxtA,,,,,,yes
GCA_025482195.1,2019,France,Europe,clinical,poxtA,,,,,,yes
GCA_025482285.1,2019,France,Europe,clinical,poxtA,,,,,,yes
GCA_015234285.1,2019,Switzerland,Europe,nonclinical,"cfr(D), optrA",-,,,yes,yes,
GCA_009830585.1,2014,Tunisia,Asia,nonclinical,optrA,,,,,yes,
GCA_016993575.1,2017,China,Asia,nonclinical,optrA,,,,,yes,
GCA_017286715.1,2017,China,Asia,nonclinical,optrA,,,,,yes,
GCA_018087365.1,2017,China,Asia,nonclinical,optrA,,,,,yes,
GCA_018222085.1,2017,China,Asia,nonclinical,optrA,,,,,yes,
GCA_019340345.1,2017,China,Asia,nonclinical,optrA,,,,,yes,
GCA_019774535.1,2017,China,Asia,nonclinical,"optrA, poxtA",,,,,yes,yes
GCA_019856595.1,2017,China,Asia,nonclinical,"optrA, poxtA",,,,,yes,yes
GCA_019917325.1,2017,China,Asia,nonclinical,optrA,,,,,yes,
GCA_019917335.1,2017,China,Asia,nonclinical,optrA,,,,,yes,
GCA_021124545.1,2018,Italy,Europe,nonclinical,optrA,,,,,yes,
GCA_023182695.2,2020,Switzerland,Europe,nonclinical,optrA,,,,,yes,
GCA_023182715.2,2020,Switzerland,Europe,nonclinical,optrA,,,,,yes,
GCA_023182735.2,2020,Switzerland,Europe,nonclinical,optrA,,,,,yes,
GCA_023299425.1,2019,China,Asia,nonclinical,optrA,,,,,yes,
GCA_025420395.1,2018,China,Asia,nonclinical,optrA,,,,,yes,
GCA_025641915.1,2018,China,Asia,nonclinical,optrA,,,,,yes,
GCA_025641945.1,2018,China,Asia,nonclinical,optrA,,,,,yes,
GCA_029733965.1,2019,China,Asia,nonclinical,optrA,,,,,yes,
GCA_029733995.1,2019,China,Asia,nonclinical,optrA,,,,,yes,
GCA_029734015.1,2019,China,Asia,nonclinical,optrA,,,,,yes,
GCA_030110865.1,2019,China,Asia,nonclinical,optrA,,,,,yes,
GCA_030116725.1,2019,China,Asia,nonclinical,optrA,,,,,yes,
GCA_030116735.1,2019,China,Asia,nonclinical,optrA,,,,,yes,
GCA_030116755.1,2019,China,Asia,nonclinical,optrA,,,,,yes,
GCA_030116805.1,2019,China,Asia,nonclinical,optrA,,,,,yes,
GCA_030116825.1,2019,China,Asia,nonclinical,optrA,,,,,yes,
GCA_030116835.1,2019,China,Asia,nonclinical,optrA,,,,,yes,
GCA_030116845.1,2019,China,Asia,nonclinical,optrA,,,,,yes,
GCA_030116875.1,2019,China,Asia,nonclinical,optrA,,,,,yes,
GCA_030178595.1,2019,China,Asia,nonclinical,optrA,,,,,yes,
GCA_030178615.1,2019,China,Asia,nonclinical,optrA,,,,,yes,
GCA_030178635.1,2019,China,Asia,nonclinical,optrA,,,,,yes,
GCA_030178655.1,2019,China,Asia,nonclinical,optrA,,,,,yes,
GCA_030178675.1,2019,China,Asia,nonclinical,optrA,,,,,yes,
GCA_030178715.1,2019,China,Asia,nonclinical,optrA,,,,,yes,
GCA_030178735.1,2019,China,Asia,nonclinical,optrA,,,,,yes,
GCA_030178755.1,2019,China,Asia,nonclinical,optrA,,,,,yes,
GCA_030178775.1,2019,China,Asia,nonclinical,optrA,,,,,yes,
GCA_030178795.1,2019,China,Asia,nonclinical,optrA,,,,,yes,
GCA_030178805.1,2019,China,Asia,nonclinical,optrA,,,,,yes,
GCA_030178835.1,2019,China,Asia,nonclinical,optrA,,,,,yes,
GCA_030178855.1,2019,China,Asia,nonclinical,optrA,,,,,yes,
GCA_030178895.1,2019,China,Asia,nonclinical,optrA,,,,,yes,
GCA_030178915.1,2019,China,Asia,nonclinical,optrA,,,,,yes,
GCA_030178935.1,2019,China,Asia,nonclinical,optrA,,,,,yes,
GCA_030178955.1,2019,China,Asia,nonclinical,optrA,,,,,yes,
GCA_030178965.1,2019,China,Asia,nonclinical,optrA,,,,,yes,
GCA_030178995.1,2019,China,Asia,nonclinical,optrA,,,,,yes,
GCA_030270285.1,2019,China,Asia,nonclinical,optrA,,,,,yes,
GCA_030270305.1,2019,China,Asia,nonclinical,optrA,,,,,yes,
GCA_030270325.1,2019,China,Asia,nonclinical,optrA,,,,,yes,
GCA_030364575.1,2021,China,Asia,nonclinical,optrA,,,,,yes,
SRR13712557,2015,Canada,North America,nonclinical,optrA,,,,,yes,
SRR13712587,2015,Canada,North America,nonclinical,optrA,,,,,yes,
SRR13712598,2015,Canada,North America,nonclinical,optrA,,,,,yes,
SRR13725703,2015,Canada,North America,nonclinical,optrA,,,,,yes,
SRR13725714,2015,Canada,North America,nonclinical,optrA,,,,,yes,
SRR13726504,2015,Canada,North America,nonclinical,optrA,,,,,yes,
SRR13726515,2015,Canada,North America,nonclinical,cfr(C),,,,,,
SRR13726536,2015,Canada,North America,nonclinical,cfr(C),,,,,,
SRR13587490,2014,China,Asia,clinical,optrA,,,,,yes,
SRR13587491,2014,China,Asia,clinical,optrA,,,,,yes,
SRR13587492,2013,China,Asia,clinical,optrA,,,,,yes,
SRR13587493,2012,China,Asia,clinical,optrA,,,,,yes,
SRR13587494,2012,China,Asia,clinical,optrA,,,,,yes,
SRR13587495,2012,China,Asia,clinical,optrA,,,,,yes,
SRR13587500,2012,China,Asia,clinical,optrA,,,,,yes,
SRR13587501,2012,China,Asia,clinical,optrA,,,,,yes,
SRR6456332,2014,Germany,Europe,clinical,optrA,,,,,yes,
DRR126419,2017,Japan,Asia,clinical,"cfr(B), optrA",,,yes,,yes,
DRR126421,2017,Japan,Asia,clinical,"cfr(B), optrA",,,yes,,yes,
DRR400396,2021,Japan,Asia,clinical,optrA,,,,,yes,
SRR10387870,2018,China,Asia,clinical,optrA,,,,,yes,
SRR10387871,2018,China,Asia,clinical,optrA,,,,,yes,
SRR10387876,2018,China,Asia,clinical,optrA,,,,,yes,
SRR10387877,2018,China,Asia,clinical,optrA,,,,,yes,
SRR10387878,2018,China,Asia,clinical,optrA,,,,,yes,
SRR10387879,2018,China,Asia,clinical,optrA,,,,,yes,
SRR13080469,2017,Belgium,Europe,clinical,optrA,,,,,yes,
SRR13080472,2019,Belgium,Europe,clinical,optrA,,,,,yes,
SRR13080473,2019,Belgium,Europe,clinical,optrA,,,,,yes,
SRR13587488,2015,China,Asia,clinical,optrA,,,,,yes,
SRR13587489,2015,China,Asia,clinical,optrA,,,,,yes,
SRR13587496,2017,China,Asia,clinical,optrA,,,,,yes,
SRR13587498,2017,China,Asia,clinical,optrA,,,,,yes,
SRR13587499,2017,China,Asia,clinical,optrA,,,,,yes,
SRR19441645,2019,Australia,Oceania,clinical,cfr(D),,,,yes,yes,
SRR6456333,2015,Germany,Europe,clinical,optrA,vanA,,,,yes,
SRR6456335,2016,Germany,Europe,clinical,optrA,,,,,yes,
SRR6456338,2016,Germany,Europe,clinical,optrA,,,,,yes,
SRR6456339,2015,Germany,Europe,clinical,"cfr(D), optrA",,,,yes,yes,
SRR6456340,2016,Germany,Europe,clinical,"cfr(D), optrA",,,,yes,yes,
SRR6456342,2016,Germany,Europe,clinical,optrA,,,,,yes,
SRR6456346,2016,Germany,Europe,clinical,optrA,,,,,yes,
SRR6456347,2016,Germany,Europe,clinical,optrA,,,,,yes,
SRR6456348,2016,Germany,Europe,clinical,optrA,,,,,yes,
SRR6456349,2016,Germany,Europe,clinical,optrA,,,,,yes,
SRR6456350,2016,Germany,Europe,clinical,optrA,,,,,yes,
SRR6456351,2016,Germany,Europe,clinical,optrA,,,,,yes,
SRR7658823,2017,Germany,Europe,clinical,optrA,,,,,yes,
SRR7658824,2017,Germany,Europe,clinical,optrA,,,,,yes,
SRR9021436,2017,South Africa,Asia,clinical,optrA,,,,,yes,
GCA_000394335.1,1986,USA,North America,,cfr(B),-,,yes,,,
GCA_000394915.1,1987,USA,North America,,cfr(B),-,,yes,,,
GCA_005158025.1,2017,China,Asia,,cfr,-,yes,,,,
GCA_019352795.1,2020,Portugal,Europe,,"cfr(D), optrA",-,,,yes,yes,
GCA_019352805.1,2018,Portugal,Europe,,"cfr(D), optrA",-,,,yes,yes,
GCA_021122865.1,2019,Belgium,Europe,,"cfr(D), optrA",-,,,yes,yes,
GCA_021123115.1,2019,Belgium,Europe,,"cfr(D), optrA",-,,,yes,yes,
GCA_021124235.1,2019,Belgium,Europe,,"cfr, optrA",-,yes,,,yes,
GCA_021390315.1,2022,China,Asia,,"cfr(D), optrA",-,,,yes,yes,
GCA_023299225.1,2021,,,,"cfr(D), optrA",-,,,yes,yes,
GCA_023299485.1,2022,,,,"cfr, optrA",-,yes,,,yes,
GCA_023299505.1,2022,,,,"cfr(D), optrA",-,,,yes,yes,
GCA_023299625.1,2022,,,,cfr(D),-,,,yes,,
GCA_023300165.1,2021,,,,"cfr, optrA",-,yes,,,yes,
GCA_002250145.1,2015,Denmark,Europe,,optrA,,,,,yes,
GCA_004168065.1,2017,Portugal,Europe,,optrA,,,,,yes,
GCA_004168075.1,2017,Portugal,Europe,,optrA,,,,,yes,
GCA_004168115.1,2017,Portugal,Europe,,optrA,,,,,yes,
GCA_004332015.1,2017,Portugal,Europe,,optrA,,,,,yes,
GCA_004332035.1,2017,Portugal,Europe,,optrA,,,,,yes,
GCA_006335085.1,2011,Colombia,South America,,optrA,,,,,yes,
GCA_009498155.3,2011,Colombia,South America,,optrA,,,,,yes,
GCA_009498175.3,2011,Colombia,South America,,optrA,,,,,yes,
GCA_009830635.1,2014,USA,North America,,optrA,,,,,yes,
GCA_014854875.1,2016,China,Asia,,optrA,,,,,yes,
GCA_015293445.1,2016,China,Asia,,optrA,,,,,yes,
GCA_015294025.1,2016,China,Asia,,optrA,,,,,yes,
GCA_015315105.1,2016,China,Asia,,optrA,,,,,yes,
GCA_015315485.1,2016,China,Asia,,optrA,,,,,yes,
GCA_015919065.1,2016,China,Asia,,optrA,,,,,yes,
GCA_016917995.1,2016,China,Asia,,optrA,,,,,yes,
GCA_018253815.1,2020,USA,North America,,optrA,,,,,yes,
GCA_019164975.1,2016,China,Asia,,optrA,,,,,yes,
GCA_019195415.1,2016,China,Asia,,optrA,,,,,yes,
GCA_019201565.1,2016,China,Asia,,optrA,,,,,yes,
GCA_019201575.1,2016,China,Asia,,optrA,,,,,yes,
GCA_019201635.1,2016,China,Asia,,optrA,,,,,yes,
GCA_019222705.1,2016,China,Asia,,optrA,,,,,yes,
GCA_019352735.1,2020,USA,North America,,optrA,,,,,yes,
GCA_019917365.1,2019,Portugal,Europe,,optrA,,,,,yes,
GCA_019917375.1,2019,Portugal,Europe,,optrA,,,,,yes,
GCA_019917405.1,2020,Portugal,Europe,,optrA,,,,,yes,
GCA_019917425.1,2019,Portugal,Europe,,optrA,,,,,yes,
GCA_019917435.1,2019,Belgium,Europe,,optrA,,,,,yes,
GCA_020616775.1,2019,Belgium,Europe,,optrA,,,,,yes,
GCA_020882115.1,2019,Belgium,Europe,,optrA,,,,,yes,
GCA_021121195.1,2019,Belgium,Europe,,optrA,,,,,yes,
GCA_021121215.1,2019,Belgium,Europe,,optrA,,,,,yes,
GCA_021121265.1,2019,Belgium,Europe,,optrA,,,,,yes,
GCA_021121415.1,2019,Belgium,Europe,,optrA,,,,,yes,
GCA_021121465.1,2019,Belgium,Europe,,optrA,,,,,yes,
GCA_021121495.1,2019,Belgium,Europe,,optrA,,,,,yes,
GCA_021121565.1,2019,Belgium,Europe,,optrA,,,,,yes,
GCA_021121705.1,2019,Belgium,Europe,,optrA,,,,,yes,
GCA_021121725.1,2019,Belgium,Europe,,optrA,,,,,yes,
GCA_021121845.1,2019,Belgium,Europe,,optrA,,,,,yes,
GCA_021121905.1,2019,Belgium,Europe,,optrA,,,,,yes,
GCA_021121965.1,2019,Belgium,Europe,,optrA,,,,,yes,
GCA_021122025.1,2019,Belgium,Europe,,optrA,,,,,yes,
GCA_021122105.1,2019,Belgium,Europe,,optrA,,,,,yes,
GCA_021122235.1,2019,Belgium,Europe,,optrA,,,,,yes,
GCA_021122285.1,2019,Belgium,Europe,,optrA,,,,,yes,
GCA_021122325.1,2019,Belgium,Europe,,optrA,,,,,yes,
GCA_021122365.1,2019,Belgium,Europe,,optrA,,,,,yes,
GCA_021122395.1,2019,Belgium,Europe,,optrA,,,,,yes,
GCA_021122485.1,2019,Belgium,Europe,,optrA,,,,,yes,
GCA_021122555.1,2019,Belgium,Europe,,optrA,,,,,yes,
GCA_021122615.1,2019,Belgium,Europe,,optrA,,,,,yes,
GCA_021122665.1,2019,Belgium,Europe,,optrA,,,,,yes,
GCA_021122685.1,2019,Belgium,Europe,,optrA,,,,,yes,
GCA_021122725.1,2019,Belgium,Europe,,optrA,,,,,yes,
GCA_021122745.1,2019,Belgium,Europe,,optrA,,,,,yes,
GCA_021122845.1,2019,Belgium,Europe,,optrA,,,,,yes,
GCA_021122885.1,2019,Belgium,Europe,,optrA,,,,,yes,
GCA_021122905.1,2019,Belgium,Europe,,optrA,,,,,yes,
GCA_021122925.1,2019,Belgium,Europe,,optrA,,,,,yes,
GCA_021122935.1,2019,Belgium,Europe,,optrA,,,,,yes,
GCA_021122965.1,2019,Belgium,Europe,,optrA,,,,,yes,
GCA_021123045.1,2019,Belgium,Europe,,optrA,,,,,yes,
GCA_021123065.1,2019,Belgium,Europe,,optrA,,,,,yes,
GCA_021123105.1,2019,Belgium,Europe,,optrA,,,,,yes,
GCA_021123165.1,2019,Belgium,Europe,,optrA,,,,,yes,
GCA_021123225.1,2019,Belgium,Europe,,optrA,,,,,yes,
GCA_021123265.1,2019,Belgium,Europe,,optrA,,,,,yes,
GCA_021123305.1,2019,Belgium,Europe,,optrA,,,,,yes,
GCA_021123325.1,2019,Belgium,Europe,,optrA,,,,,yes,
GCA_021123365.1,2019,Belgium,Europe,,optrA,,,,,yes,
GCA_021123385.1,2019,Belgium,Europe,,optrA,,,,,yes,
GCA_021123425.1,2019,Belgium,Europe,,optrA,,,,,yes,
GCA_021123435.1,2019,Belgium,Europe,,optrA,,,,,yes,
GCA_021123445.1,2019,Belgium,Europe,,optrA,,,,,yes,
GCA_021123485.1,2019,Belgium,Europe,,optrA,,,,,yes,
GCA_021123565.1,2019,Belgium,Europe,,"optrA, poxtA",,,,,yes,yes
GCA_021123625.1,2019,Belgium,Europe,,optrA,,,,,yes,
GCA_021123655.1,2019,Belgium,Europe,,optrA,,,,,yes,
GCA_021123685.1,2019,Belgium,Europe,,optrA,,,,,yes,
GCA_021123705.1,2019,Belgium,Europe,,optrA,,,,,yes,
GCA_021123745.1,2019,Belgium,Europe,,optrA,,,,,yes,
GCA_021123765.1,2019,Belgium,Europe,,optrA,,,,,yes,
GCA_021123775.1,2019,Belgium,Europe,,optrA,,,,,yes,
GCA_021123805.1,2019,Belgium,Europe,,optrA,,,,,yes,
GCA_021123845.1,2019,Belgium,Europe,,optrA,,,,,yes,
GCA_021123985.1,2019,Belgium,Europe,,optrA,,,,,yes,
GCA_021124025.1,2019,Belgium,Europe,,optrA,,,,,yes,
GCA_021124125.1,2019,Belgium,Europe,,optrA,,,,,yes,
GCA_021124225.1,2019,Belgium,Europe,,optrA,,,,,yes,
GCA_021124285.1,2019,Belgium,Europe,,optrA,,,,,yes,
GCA_021124385.1,2019,Belgium,Europe,,optrA,,,,,yes,
GCA_021124395.1,2019,Belgium,Europe,,optrA,,,,,yes,
GCA_021124405.1,2019,Belgium,Europe,,optrA,,,,,yes,
GCA_021124485.1,2019,Belgium,Europe,,optrA,,,,,yes,
GCA_021124505.1,2019,Belgium,Europe,,optrA,,,,,yes,
GCA_021124525.1,2019,Belgium,Europe,,optrA,,,,,yes,
GCA_021124535.1,2019,Belgium,Europe,,optrA,,,,,yes,
GCA_023182775.2,2019,Pakistan,Asia,,optrA,,,,,yes,
GCA_023182795.2,2019,China,Asia,,optrA,,,,,yes,
GCA_023299465.1,2020,USA,North America,,optrA,,,,,yes,
GCA_024487665.1,2018,China,Asia,,optrA,,,,,yes,
GCA_024487705.1,2018,China,Asia,,optrA,,,,,yes,
GCA_024531085.1,2018,China,Asia,,optrA,,,,,yes,
GCA_024535035.1,2018,China,Asia,,optrA,,,,,yes,
GCA_024540495.1,2018,China,Asia,,optrA,,,,,yes,
GCA_024541695.1,2018,China,Asia,,optrA,,,,,yes,
GCA_024541715.1,2018,China,Asia,,optrA,,,,,yes,
GCA_025420435.1,2018,China,Asia,,optrA,,,,,yes,
GCA_025753025.1,2018,China,Asia,,optrA,,,,,yes,
GCA_025753415.1,2018,China,Asia,,optrA,,,,,yes,
GCA_026200915.1,2022,,,,optrA,,,,,yes,
GCA_026200925.1,2022,,,,optrA,,,,,yes,
GCA_026200955.1,2022,,,,optrA,,,,,yes,
GCA_026200965.1,2022,,,,optrA,,,,,yes,
GCA_026200995.1,2022,,,,optrA,,,,,yes,
GCA_026201015.1,2022,,,,optrA,,,,,yes,
GCA_026201025.1,2022,,,,optrA,,,,,yes,
GCA_026201055.1,2022,,,,optrA,,,,,yes,
GCA_026201065.1,2022,,,,optrA,,,,,yes,
GCA_026201095.1,2022,,,,optrA,,,,,yes,
GCA_026201115.1,2022,,,,optrA,,,,,yes,
GCA_026201125.1,2022,,,,optrA,,,,,yes,
GCA_026201455.1,2022,China,Asia,,optrA,,,,,yes,
GCA_029733095.1,2020,China,Asia,,optrA,,,,,yes,
GCA_029733115.1,2020,China,Asia,,optrA,,,,,yes,
GCA_029733125.1,2020,China,Asia,,optrA,,,,,yes,
GCA_029733135.1,2020,China,Asia,,optrA,,,,,yes,
GCA_029733225.1,2020,China,Asia,,optrA,,,,,yes,
GCA_029733235.1,2020,China,Asia,,optrA,,,,,yes,
GCA_029733315.1,2020,China,Asia,,optrA,,,,,yes,
GCA_029733325.1,2020,China,Asia,,optrA,,,,,yes,
GCA_029733355.1,2020,China,Asia,,optrA,,,,,yes,
GCA_029733395.1,2020,China,Asia,,optrA,,,,,yes,
GCA_029733405.1,2020,China,Asia,,optrA,,,,,yes,
GCA_029733435.1,2020,China,Asia,,optrA,,,,,yes,
GCA_029733445.1,2020,China,Asia,,optrA,,,,,yes,
GCA_030364505.1,2018,China,Asia,,optrA,,,,,yes,
GCA_018387365.1,2019,China,Asia,,poxtA,,,,,,yes
GCA_018389465.1,2020,USA,North America,,poxtA,,,,,,yes
GCA_018981765.1,2021,USA,North America,,poxtA,,,,,,yes
GCA_025602835.1,2021,USA,North America,,poxtA,,,,,,yes
GCA_905123805.1,2022,USA,North America,,poxtA,,,,,,yes
SRR23460006,2022,China,Asia,,optrA,,,,,yes,
SRR23460007,2022,China,Asia,,optrA,,,,,yes,
SRR23460008,2022,China,Asia,,optrA,,,,,yes,
SRR23460009,2022,China,Asia,,optrA,,,,,yes,
SRR23460010,2022,China,Asia,,optrA,,,,,yes,
SRR23460011,2022,China,Asia,,optrA,,,,,yes,
SRR5407742,2012,China,Asia,,optrA,,,,,yes,