ID,LzdMIC,LRgenotype,LREvsLSE
AUSMDU00004212,4,gene,yes
AUSMDU00007435,2,no,no
AUSMDU00007436,4,no,no
AUSMDU00007497,4,no,no
AUSMDU00007498,2,no,no
AUSMDU00007501,4,no,no
AUSMDU00007995,4,no,no
AUSMDU00007996,4,no,no
AUSMDU00007997,4,no,no
AUSMDU00008257,2,no,no
AUSMDU00008391,2,no,no
AUSMDU00008392,4,no,no
AUSMDU00008393,4,no,no
AUSMDU00008394,4,no,no
AUSMDU00008569,2,no,no
AUSMDU00008570,4,no,no
AUSMDU00010566,2,no,no
AUSMDU00010570,2,no,no
AUSMDU00010602,4,no,no
AUSMDU00010605,4,no,no
AUSMDU00010617,4,no,no
AUSMDU00010640,4,no,no
AUSMDU00010659,2,no,no
AUSMDU00010701,2,no,no
AUSMDU00010808,4,no,no
AUSMDU00010910,4,no,no
AUSMDU00011137,4,gene,yes
AUSMDU00011298,4,no,no
AUSMDU00011337,2,no,no
AUSMDU00011340,4,no,no
AUSMDU00011477,4,no,no
AUSMDU00011482,2,no,no
AUSMDU00011555,2,no,no
AUSMDU00011693,2,no,no
AUSMDU00011707,2,no,no
AUSMDU00011710,4,no,no
AUSMDU00011877,4,no,no
AUSMDU00011884,2,gene,yes
AUSMDU00012084,4,no,no
AUSMDU00012789,2,no,no
AUSMDU00014705,2,no,no
AUSMDU00014828,4,no,no
AUSMDU00015593,,gene,yes
AUSMDU00015839,,gene,yes
AUSMDU00017285,8,gene,yes
AUSMDU00017850,2,gene,yes
AUSMDU00022217,1,gene,yes
AUSMDU00022328,1,gene,yes
AUSMDU00031194,2,no,no
AUSMDU00031206,2,no,no
AUSMDU00031447,2,no,no
AUSMDU00031576,2,no,no
AUSMDU00031577,1,no,no
AUSMDU00031578,2,no,no
AUSMDU00031579,2,no,no
AUSMDU00031580,2,no,no
AUSMDU00031581,2,no,no
AUSMDU00031582,2,no,no
AUSMDU00032177,1,no,no
AUSMDU00032285,2,no,no
AUSMDU00032286,<=0.5,no,no
AUSMDU00032287,2,no,no
AUSMDU00032288,1,no,no
AUSMDU00032290,2,no,no
AUSMDU00032291,1,no,no
AUSMDU00032564,2,no,no
AUSMDU00032565,1,no,no
AUSMDU00032566,<=0.5,no,no
AUSMDU00032567,2,no,no
AUSMDU00032570,2,no,no
AUSMDU00032875,2,no,no
AUSMDU00032876,2,no,no
AUSMDU00032877,2,no,no
AUSMDU00032879,2,no,no
AUSMDU00032880,2,no,no
AUSMDU00034156,2,no,no
AUSMDU00034157,2,no,no
AUSMDU00034158,2,no,no
AUSMDU00034159,2,no,no
AUSMDU00034160,2,no,no
AUSMDU00034161,2,no,no
AUSMDU00034163,2,no,no
AUSMDU00034164,2,no,no
AUSMDU00034165,2,no,no
AUSMDU00034166,2,no,no
AUSMDU00034593,2,no,no
AUSMDU00034648,2,no,no
AUSMDU00034649,2,no,no
AUSMDU00034650,2,no,no
AUSMDU00034652,2,no,no
AUSMDU00035099,8,mutation,yes
AUSMDU00035225,1,no,no
AUSMDU00035445,2,no,no
AUSMDU00035447,2,no,no
AUSMDU00035448,2,no,no
AUSMDU00035449,2,no,no
AUSMDU00035450,2,no,no
AUSMDU00035452,2,no,no
AUSMDU00035453,1,no,no
AUSMDU00035547,2,no,no
AUSMDU00035736,2,no,no
AUSMDU00035737,2,no,no
AUSMDU00035739,2,no,no
AUSMDU00035740,2,no,no
AUSMDU00035741,2,no,no
AUSMDU00035742,2,no,no
AUSMDU00035743,2,no,no
AUSMDU00035744,2,no,no
AUSMDU00036225,2,no,no
AUSMDU00036228,2,no,no
AUSMDU00036230,1,no,no
AUSMDU00036232,1,no,no
AUSMDU00036234,2,no,no
AUSMDU00036237,2,no,no
AUSMDU00036241,2,no,no
AUSMDU00036243,2,no,no
AUSMDU00036244,2,no,no
AUSMDU00036245,2,no,no
AUSMDU00036246,2,no,no
AUSMDU00036540,4,mutation,yes
AUSMDU00036633,2,no,no
AUSMDU00036634,2,no,no
AUSMDU00036635,1,no,no
AUSMDU00036637,2,no,no
AUSMDU00036639,2,no,no
AUSMDU00036907,8,mutation,yes
AUSMDU00036910,2,no,no
AUSMDU00037022,2,no,no
AUSMDU00037023,2,no,no
AUSMDU00037026,2,no,no
AUSMDU00037028,2,no,no
AUSMDU00037173,2,no,no
AUSMDU00037341,2,no,no
AUSMDU00037342,2,no,no
AUSMDU00037345,2,no,no
AUSMDU00037346,2,no,no
AUSMDU00037348,1,no,no
AUSMDU00037546,2,no,no
AUSMDU00037843,2,no,no
AUSMDU00037844,2,no,no
AUSMDU00037846,1,no,no
AUSMDU00037847,2,no,no
AUSMDU00037848,1,no,no
AUSMDU00037850,2,no,no
AUSMDU00037851,2,no,no
AUSMDU00038007,2,no,no
AUSMDU00038206,2,no,no
AUSMDU00038388,1,no,no
AUSMDU00038389,2,no,no
AUSMDU00038432,2,no,no
AUSMDU00038506,1,no,no
AUSMDU00038588,2,no,no
AUSMDU00038589,1,no,no
AUSMDU00038590,2,no,no
AUSMDU00038592,2,no,no
AUSMDU00038594,2,no,no
AUSMDU00038595,2,no,no
AUSMDU00038638,2,no,no
AUSMDU00038993,2,no,no
AUSMDU00039090,1,no,no
AUSMDU00039093,2,no,no
AUSMDU00039096,2,no,no
AUSMDU00039265,1,gene,yes
AUSMDU00039412,1,no,no
AUSMDU00039413,2,no,no
AUSMDU00039414,2,no,no
AUSMDU00039416,2,no,no
AUSMDU00039418,2,no,no
AUSMDU00039558,2,no,no
AUSMDU00039617,1,no,no
AUSMDU00039618,2,no,no
AUSMDU00039858,2,no,no
AUSMDU00039860,2,no,no
AUSMDU00039908,2,no,no
AUSMDU00039909,2,no,no
AUSMDU00039910,1,no,no
AUSMDU00039911,2,no,no
AUSMDU00039913,2,no,no
AUSMDU00039921,1,no,no
AUSMDU00040234,1,no,no
AUSMDU00040235,2,no,no
AUSMDU00040260,2,no,no
AUSMDU00040261,2,no,no
AUSMDU00040355,8,mutation,yes
AUSMDU00040376,2,no,no
AUSMDU00040753,2,no,no
AUSMDU00040754,2,no,no
AUSMDU00040755,2,no,no
AUSMDU00040756,2,no,no
AUSMDU00040757,2,no,no
AUSMDU00040759,2,no,no
AUSMDU00040761,2,no,no
AUSMDU00040764,2,no,no
AUSMDU00040966,>8,mutation,yes
AUSMDU00041065,2,no,no
AUSMDU00041067,2,no,no
AUSMDU00041069,1,no,no
AUSMDU00041465,2,no,no
AUSMDU00041519,1,no,no
AUSMDU00041744,1,no,no
AUSMDU00041745,1,no,no
AUSMDU00041748,2,no,no
AUSMDU00041749,1,no,no
AUSMDU00041752,2,no,no
AUSMDU00042253,1,no,no
AUSMDU00042260,2,no,no
AUSMDU00044058,2,no,no
AUSMDU00044059,1,no,no
AUSMDU00044062,1,no,no
AUSMDU00044065,2,no,no
AUSMDU00044068,2,no,no
AUSMDU00044070,2,no,no
AUSMDU00044187,2,no,no
AUSMDU00044189,2,no,no
AUSMDU00044190,1,no,no
AUSMDU00044598,1,no,no
AUSMDU00044607,2,no,no
AUSMDU00044611,2,no,no
AUSMDU00044612,2,no,no
AUSMDU00044845,2,no,no
AUSMDU00044846,1,no,no
AUSMDU00044847,2,no,no
AUSMDU00044851,2,no,no
AUSMDU00044852,2,no,no
AUSMDU00044854,1,no,no
AUSMDU00044855,1,no,no
AUSMDU00044856,2,no,no
AUSMDU00044857,1,no,no
AUSMDU00044858,2,no,no
AUSMDU00044860,2,no,no
AUSMDU00045008,1,no,no
AUSMDU00045010,1,no,no
AUSMDU00045037,2,no,no
AUSMDU00045154,2,no,no
AUSMDU00045156,2,no,no
AUSMDU00045389,2,no,no
AUSMDU00045391,1,no,no
AUSMDU00045393,1,no,no
AUSMDU00045394,1,no,no
AUSMDU00045395,2,no,no
AUSMDU00045397,2,no,no
AUSMDU00045943,2,no,no
AUSMDU00045945,2,no,no
AUSMDU00046040,1,no,no
AUSMDU00046053,2,no,no
AUSMDU00046080,2,no,no
AUSMDU00046081,4,gene,yes
AUSMDU00046195,2,no,no
AUSMDU00046196,2,no,no
AUSMDU00046197,1,no,no
AUSMDU00046198,2,no,no
AUSMDU00046199,2,no,no
AUSMDU00046217,2,no,no
AUSMDU00046394,2,no,no
AUSMDU00046395,2,no,no
AUSMDU00046415,2,no,no
AUSMDU00046421,2,no,no
AUSMDU00046709,2,no,no
AUSMDU00046935,2,no,no
AUSMDU00047007,2,no,no
AUSMDU00047008,2,no,no
AUSMDU00047010,2,no,no
AUSMDU00047014,2,no,no
AUSMDU00047069,2,no,no
AUSMDU00047070,2,no,no
AUSMDU00047071,1,no,no
AUSMDU00047073,2,no,no
AUSMDU00047077,2,no,no
AUSMDU00047078,1,no,no
AUSMDU00047223,1,no,no
AUSMDU00047226,1,no,no
AUSMDU00047480,1,no,no
AUSMDU00047661,2,no,no
AUSMDU00048102,2,no,no
AUSMDU00048114,1,no,no
AUSMDU00048235,2,no,no
AUSMDU00048247,2,no,no
AUSMDU00048248,2,no,no
AUSMDU00048616,2,no,no
AUSMDU00048617,2,no,no
AUSMDU00048618,2,no,no
AUSMDU00048619,1,no,no
AUSMDU00049194,1,no,no
AUSMDU00049195,2,no,no
AUSMDU00049196,2,no,no
AUSMDU00049197,2,no,no
AUSMDU00052029,2,no,no
AUSMDU00052280,2,no,no
AUSMDU00052374,1,no,no
AUSMDU00052375,2,no,no
AUSMDU00052376,2,no,no
AUSMDU00052865,2,no,no
AUSMDU00053021,2,no,no
AUSMDU00053025,2,no,no
AUSMDU00053570,2,no,no
AUSMDU00053621,2,no,no
AUSMDU00053849,1,no,no
AUSMDU00054141,1,no,no
AUSMDU00054165,1,no,no
AUSMDU00054580,2,no,no
AUSMDU00054581,1,no,no
AUSMDU00054830,1,no,no
AUSMDU00055027,2,no,no
AUSMDU00055250,2,no,no
AUSMDU00055289,1,no,no
AUSMDU00055409,2,no,no
AUSMDU00056207,>8,gene,yes
AUSMDU00056276,2,no,no
AUSMDU00056300,1,no,no
AUSMDU00056347,2,no,no
AUSMDU00056410,2,no,no
AUSMDU00056709,2,no,no
AUSMDU00056749,1,no,no
AUSMDU00056768,2,no,no
AUSMDU00056789,2,no,no
AUSMDU00056830,2,no,no
AUSMDU00056848,2,no,no
AUSMDU00057077,2,no,no
AUSMDU00057139,2,no,no
AUSMDU00057628,2,no,no
AUSMDU00058178,2,no,no
AUSMDU00058180,2,no,no
AUSMDU00058181,2,no,no
AUSMDU00058182,2,no,no
AUSMDU00058825,2,no,no
AUSMDU00058856,2,no,no
AUSMDU00059112,2,no,no
AUSMDU00059113,2,no,no
AUSMDU00059115,2,no,no
AUSMDU00059117,2,no,no
AUSMDU00059119,2,no,no
AUSMDU00059313,2,no,no
AUSMDU00059330,1,no,no
AUSMDU00059400,2,no,no
AUSMDU00059787,2,no,no
AUSMDU00059797,2,no,no
AUSMDU00059845,2,no,no
AUSMDU00060088,4,mutation,yes
AUSMDU00060341,2,no,no
AUSMDU00060361,2,no,no
AUSMDU00060365,2,no,no
AUSMDU00060369,2,no,no
AUSMDU00060750,2,no,no
AUSMDU00060751,2,no,no
AUSMDU00060756,2,no,no
AUSMDU00060762,2,no,no
AUSMDU00060944,2,no,no
AUSMDU00060953,2,no,no
AUSMDU00060961,2,no,no
AUSMDU00060969,1,no,no
AUSMDU00060977,2,no,no
AUSMDU00060984,2,no,no
AUSMDU00060992,2,no,no
AUSMDU00061199,2,no,no
AUSMDU00061212,1,no,no
AUSMDU00061412,2,no,no
AUSMDU00061425,2,no,no
AUSMDU00061556,2,no,no
AUSMDU00061565,2,no,no
AUSMDU00062000,2,no,no
AUSMDU00063051,2,no,no
AUSMDU00063056,2,no,no
AUSMDU00065521,2,no,no
AUSMDU00066496,1,no,no
AUSMDU00066802,2,no,no
AUSMDU00067942,8,gene,yes
AUSMDU00068103,2,no,no
AUSMDU00068490,8,gene,yes
AUSMDU00068868,8,mutation,yes
AUSMDU00069550,>8,mutation,yes
AUSMDU00070641,2,no,no
AUSMDU00070642,2,no,no
AUSMDU00072253,4,gene,yes
AUSMDU00072302,8,gene,yes
AUSMDU00073213,2,no,no
AUSMDU00073264,4,no,no
AUSMDU00074348,2,no,no
AUSMDU00074711,4,gene,yes