ID,Year,LZD_MIC,LZD_susc
AUSMDU00022217,2018,1,susceptible
AUSMDU00022328,2018,1,susceptible
AUSMDU00031577,2019,1,susceptible
AUSMDU00032177,2019,1,susceptible
AUSMDU00032288,2019,1,susceptible
AUSMDU00032291,2019,1,susceptible
AUSMDU00032565,2019,1,susceptible
AUSMDU00035225,2019,1,susceptible
AUSMDU00035453,2019,1,susceptible
AUSMDU00036230,2019,1,susceptible
AUSMDU00036232,2019,1,susceptible
AUSMDU00036635,2019,1,susceptible
AUSMDU00037348,2019,1,susceptible
AUSMDU00037846,2019,1,susceptible
AUSMDU00037848,2019,1,susceptible
AUSMDU00038388,2019,1,susceptible
AUSMDU00038506,2019,1,susceptible
AUSMDU00038589,2019,1,susceptible
AUSMDU00039090,2019,1,susceptible
AUSMDU00039265,2019,1,susceptible
AUSMDU00039412,2019,1,susceptible
AUSMDU00039617,2019,1,susceptible
AUSMDU00039910,2019,1,susceptible
AUSMDU00039921,2019,1,susceptible
AUSMDU00040234,2019,1,susceptible
AUSMDU00041069,2020,1,susceptible
AUSMDU00041519,2020,1,susceptible
AUSMDU00041744,2020,1,susceptible
AUSMDU00041745,2020,1,susceptible
AUSMDU00041749,2020,1,susceptible
AUSMDU00042253,2020,1,susceptible
AUSMDU00044059,2020,1,susceptible
AUSMDU00044062,2020,1,susceptible
AUSMDU00044190,2020,1,susceptible
AUSMDU00044598,2020,1,susceptible
AUSMDU00044846,2020,1,susceptible
AUSMDU00044854,2020,1,susceptible
AUSMDU00044855,2020,1,susceptible
AUSMDU00044857,2020,1,susceptible
AUSMDU00045008,2020,1,susceptible
AUSMDU00045010,2020,1,susceptible
AUSMDU00045391,2020,1,susceptible
AUSMDU00045393,2020,1,susceptible
AUSMDU00045394,2020,1,susceptible
AUSMDU00046040,2020,1,susceptible
AUSMDU00046197,2020,1,susceptible
AUSMDU00047071,2020,1,susceptible
AUSMDU00047078,2020,1,susceptible
AUSMDU00047223,2020,1,susceptible
AUSMDU00047226,2020,1,susceptible
AUSMDU00047480,2020,1,susceptible
AUSMDU00048114,2020,1,susceptible
AUSMDU00048619,2020,1,susceptible
AUSMDU00049194,2020,1,susceptible
AUSMDU00052374,2020,1,susceptible
AUSMDU00053849,2020,1,susceptible
AUSMDU00054141,2020,1,susceptible
AUSMDU00054165,2020,1,susceptible
AUSMDU00054581,2020,1,susceptible
AUSMDU00054830,2020,1,susceptible
AUSMDU00055289,2020,1,susceptible
AUSMDU00056300,2021,1,susceptible
AUSMDU00056749,2021,1,susceptible
AUSMDU00059330,2021,1,susceptible
AUSMDU00060969,2021,1,susceptible
AUSMDU00061212,2021,1,susceptible
AUSMDU00066496,2021,1,susceptible
AUSMDU00007435,2017,2,susceptible
AUSMDU00007498,2017,2,susceptible
AUSMDU00008257,2017,2,susceptible
AUSMDU00008391,2017,2,susceptible
AUSMDU00008569,2017,2,susceptible
AUSMDU00010566,2017,2,susceptible
AUSMDU00010570,2017,2,susceptible
AUSMDU00010659,2017,2,susceptible
AUSMDU00010701,2017,2,susceptible
AUSMDU00011337,2017,2,susceptible
AUSMDU00011482,2017,2,susceptible
AUSMDU00011555,2017,2,susceptible
AUSMDU00011693,2017,2,susceptible
AUSMDU00011707,2017,2,susceptible
AUSMDU00011884,2017,2,susceptible
AUSMDU00012789,2018,2,susceptible
AUSMDU00014705,2018,2,susceptible
AUSMDU00017850,2017,2,susceptible
AUSMDU00031194,2019,2,susceptible
AUSMDU00031206,2019,2,susceptible
AUSMDU00031447,2019,2,susceptible
AUSMDU00031576,2019,2,susceptible
AUSMDU00031578,2019,2,susceptible
AUSMDU00031579,2019,2,susceptible
AUSMDU00031580,2019,2,susceptible
AUSMDU00031581,2019,2,susceptible
AUSMDU00031582,2019,2,susceptible
AUSMDU00032285,2019,2,susceptible
AUSMDU00032287,2019,2,susceptible
AUSMDU00032290,2019,2,susceptible
AUSMDU00032564,2019,2,susceptible
AUSMDU00032567,2019,2,susceptible
AUSMDU00032570,2019,2,susceptible
AUSMDU00032875,2019,2,susceptible
AUSMDU00032876,2019,2,susceptible
AUSMDU00032877,2019,2,susceptible
AUSMDU00032879,2019,2,susceptible
AUSMDU00032880,2019,2,susceptible
AUSMDU00034156,2019,2,susceptible
AUSMDU00034157,2019,2,susceptible
AUSMDU00034158,2019,2,susceptible
AUSMDU00034159,2019,2,susceptible
AUSMDU00034160,2019,2,susceptible
AUSMDU00034161,2019,2,susceptible
AUSMDU00034163,2019,2,susceptible
AUSMDU00034164,2019,2,susceptible
AUSMDU00034165,2019,2,susceptible
AUSMDU00034166,2019,2,susceptible
AUSMDU00034593,2019,2,susceptible
AUSMDU00034648,2019,2,susceptible
AUSMDU00034649,2019,2,susceptible
AUSMDU00034650,2019,2,susceptible
AUSMDU00034652,2019,2,susceptible
AUSMDU00035445,2019,2,susceptible
AUSMDU00035447,2019,2,susceptible
AUSMDU00035448,2019,2,susceptible
AUSMDU00035449,2019,2,susceptible
AUSMDU00035450,2019,2,susceptible
AUSMDU00035452,2019,2,susceptible
AUSMDU00035547,2019,2,susceptible
AUSMDU00035736,2019,2,susceptible
AUSMDU00035737,2019,2,susceptible
AUSMDU00035739,2019,2,susceptible
AUSMDU00035740,2019,2,susceptible
AUSMDU00035741,2019,2,susceptible
AUSMDU00035742,2019,2,susceptible
AUSMDU00035743,2019,2,susceptible
AUSMDU00035744,2019,2,susceptible
AUSMDU00036225,2019,2,susceptible
AUSMDU00036228,2019,2,susceptible
AUSMDU00036234,2019,2,susceptible
AUSMDU00036237,2019,2,susceptible
AUSMDU00036241,2019,2,susceptible
AUSMDU00036243,2019,2,susceptible
AUSMDU00036244,2019,2,susceptible
AUSMDU00036245,2019,2,susceptible
AUSMDU00036246,2019,2,susceptible
AUSMDU00036633,2019,2,susceptible
AUSMDU00036634,2019,2,susceptible
AUSMDU00036637,2019,2,susceptible
AUSMDU00036639,2019,2,susceptible
AUSMDU00036910,2019,2,susceptible
AUSMDU00037022,2019,2,susceptible
AUSMDU00037023,2019,2,susceptible
AUSMDU00037026,2019,2,susceptible
AUSMDU00037028,2019,2,susceptible
AUSMDU00037173,2019,2,susceptible
AUSMDU00037341,2019,2,susceptible
AUSMDU00037342,2019,2,susceptible
AUSMDU00037345,2019,2,susceptible
AUSMDU00037346,2019,2,susceptible
AUSMDU00037546,2019,2,susceptible
AUSMDU00037843,2019,2,susceptible
AUSMDU00037844,2019,2,susceptible
AUSMDU00037847,2019,2,susceptible
AUSMDU00037850,2019,2,susceptible
AUSMDU00037851,2019,2,susceptible
AUSMDU00038007,2019,2,susceptible
AUSMDU00038206,2019,2,susceptible
AUSMDU00038389,2019,2,susceptible
AUSMDU00038432,2019,2,susceptible
AUSMDU00038588,2019,2,susceptible
AUSMDU00038590,2019,2,susceptible
AUSMDU00038592,2019,2,susceptible
AUSMDU00038594,2019,2,susceptible
AUSMDU00038595,2019,2,susceptible
AUSMDU00038638,2019,2,susceptible
AUSMDU00038993,2019,2,susceptible
AUSMDU00039093,2019,2,susceptible
AUSMDU00039096,2019,2,susceptible
AUSMDU00039413,2019,2,susceptible
AUSMDU00039414,2019,2,susceptible
AUSMDU00039416,2019,2,susceptible
AUSMDU00039418,2019,2,susceptible
AUSMDU00039558,2019,2,susceptible
AUSMDU00039618,2019,2,susceptible
AUSMDU00039858,2019,2,susceptible
AUSMDU00039860,2019,2,susceptible
AUSMDU00039908,2019,2,susceptible
AUSMDU00039909,2019,2,susceptible
AUSMDU00039911,2019,2,susceptible
AUSMDU00039913,2019,2,susceptible
AUSMDU00040235,2019,2,susceptible
AUSMDU00040260,2020,2,susceptible
AUSMDU00040261,2020,2,susceptible
AUSMDU00040376,2020,2,susceptible
AUSMDU00040753,2020,2,susceptible
AUSMDU00040754,2020,2,susceptible
AUSMDU00040755,2020,2,susceptible
AUSMDU00040756,2020,2,susceptible
AUSMDU00040757,2020,2,susceptible
AUSMDU00040759,2020,2,susceptible
AUSMDU00040761,2020,2,susceptible
AUSMDU00040764,2020,2,susceptible
AUSMDU00041065,2020,2,susceptible
AUSMDU00041067,2020,2,susceptible
AUSMDU00041465,2020,2,susceptible
AUSMDU00041748,2020,2,susceptible
AUSMDU00041752,2020,2,susceptible
AUSMDU00042260,2020,2,susceptible
AUSMDU00044058,2020,2,susceptible
AUSMDU00044065,2020,2,susceptible
AUSMDU00044068,2020,2,susceptible
AUSMDU00044070,2020,2,susceptible
AUSMDU00044187,2020,2,susceptible
AUSMDU00044189,2020,2,susceptible
AUSMDU00044607,2020,2,susceptible
AUSMDU00044611,2020,2,susceptible
AUSMDU00044612,2020,2,susceptible
AUSMDU00044845,2020,2,susceptible
AUSMDU00044847,2020,2,susceptible
AUSMDU00044851,2020,2,susceptible
AUSMDU00044852,2020,2,susceptible
AUSMDU00044856,2020,2,susceptible
AUSMDU00044858,2020,2,susceptible
AUSMDU00044860,2020,2,susceptible
AUSMDU00045037,2020,2,susceptible
AUSMDU00045154,2020,2,susceptible
AUSMDU00045156,2020,2,susceptible
AUSMDU00045389,2020,2,susceptible
AUSMDU00045395,2020,2,susceptible
AUSMDU00045397,2020,2,susceptible
AUSMDU00045943,2020,2,susceptible
AUSMDU00045945,2020,2,susceptible
AUSMDU00046053,2020,2,susceptible
AUSMDU00046080,2020,2,susceptible
AUSMDU00046195,2020,2,susceptible
AUSMDU00046196,2020,2,susceptible
AUSMDU00046198,2020,2,susceptible
AUSMDU00046199,2020,2,susceptible
AUSMDU00046217,2020,2,susceptible
AUSMDU00046394,2020,2,susceptible
AUSMDU00046395,2020,2,susceptible
AUSMDU00046415,2020,2,susceptible
AUSMDU00046421,2020,2,susceptible
AUSMDU00046709,2020,2,susceptible
AUSMDU00046935,2020,2,susceptible
AUSMDU00047007,2020,2,susceptible
AUSMDU00047008,2020,2,susceptible
AUSMDU00047010,2020,2,susceptible
AUSMDU00047014,NA,2,susceptible
AUSMDU00047069,2020,2,susceptible
AUSMDU00047070,2020,2,susceptible
AUSMDU00047073,2020,2,susceptible
AUSMDU00047077,2020,2,susceptible
AUSMDU00047661,2020,2,susceptible
AUSMDU00048102,2020,2,susceptible
AUSMDU00048235,2020,2,susceptible
AUSMDU00048247,2020,2,susceptible
AUSMDU00048248,2020,2,susceptible
AUSMDU00048616,2020,2,susceptible
AUSMDU00048617,2020,2,susceptible
AUSMDU00048618,2020,2,susceptible
AUSMDU00049195,2020,2,susceptible
AUSMDU00049196,2020,2,susceptible
AUSMDU00049197,2020,2,susceptible
AUSMDU00052029,2020,2,susceptible
AUSMDU00052280,2020,2,susceptible
AUSMDU00052375,2020,2,susceptible
AUSMDU00052376,2020,2,susceptible
AUSMDU00052865,2020,2,susceptible
AUSMDU00053021,2020,2,susceptible
AUSMDU00053025,2020,2,susceptible
AUSMDU00053570,2020,2,susceptible
AUSMDU00053621,2020,2,susceptible
AUSMDU00054580,2020,2,susceptible
AUSMDU00055027,2020,2,susceptible
AUSMDU00055250,2020,2,susceptible
AUSMDU00055409,2020,2,susceptible
AUSMDU00056276,2020,2,susceptible
AUSMDU00056347,2021,2,susceptible
AUSMDU00056410,2021,2,susceptible
AUSMDU00056709,2021,2,susceptible
AUSMDU00056768,2021,2,susceptible
AUSMDU00056789,2021,2,susceptible
AUSMDU00056830,2021,2,susceptible
AUSMDU00056848,2021,2,susceptible
AUSMDU00057077,2021,2,susceptible
AUSMDU00057139,2021,2,susceptible
AUSMDU00057628,2021,2,susceptible
AUSMDU00058178,2021,2,susceptible
AUSMDU00058180,2021,2,susceptible
AUSMDU00058181,2021,2,susceptible
AUSMDU00058182,2021,2,susceptible
AUSMDU00058825,2021,2,susceptible
AUSMDU00058856,2021,2,susceptible
AUSMDU00059112,2021,2,susceptible
AUSMDU00059113,2021,2,susceptible
AUSMDU00059115,2021,2,susceptible
AUSMDU00059117,2021,2,susceptible
AUSMDU00059119,2021,2,susceptible
AUSMDU00059313,2021,2,susceptible
AUSMDU00059400,2021,2,susceptible
AUSMDU00059787,2021,2,susceptible
AUSMDU00059797,2021,2,susceptible
AUSMDU00059845,2021,2,susceptible
AUSMDU00060341,2021,2,susceptible
AUSMDU00060361,2021,2,susceptible
AUSMDU00060365,2021,2,susceptible
AUSMDU00060369,2021,2,susceptible
AUSMDU00060750,2021,2,susceptible
AUSMDU00060751,2021,2,susceptible
AUSMDU00060756,2021,2,susceptible
AUSMDU00060762,2021,2,susceptible
AUSMDU00060944,2021,2,susceptible
AUSMDU00060953,2021,2,susceptible
AUSMDU00060961,2021,2,susceptible
AUSMDU00060977,2021,2,susceptible
AUSMDU00060984,2021,2,susceptible
AUSMDU00060992,2021,2,susceptible
AUSMDU00061199,2021,2,susceptible
AUSMDU00061412,2021,2,susceptible
AUSMDU00061425,2021,2,susceptible
AUSMDU00061556,2021,2,susceptible
AUSMDU00061565,2021,2,susceptible
AUSMDU00062000,2021,2,susceptible
AUSMDU00063051,2021,2,susceptible
AUSMDU00063056,2021,2,susceptible
AUSMDU00065521,2021,2,susceptible
AUSMDU00066802,2021,2,susceptible
AUSMDU00068103,2022,2,susceptible
AUSMDU00070641,2022,2,susceptible
AUSMDU00070642,2022,2,susceptible
AUSMDU00073213,2019,2,susceptible
AUSMDU00074348,2022,2,susceptible
AUSMDU00007436,2017,4,intermediate
AUSMDU00007497,2017,4,intermediate
AUSMDU00007501,2017,4,intermediate
AUSMDU00007995,2017,4,intermediate
AUSMDU00007996,2017,4,intermediate
AUSMDU00007997,2017,4,intermediate
AUSMDU00008392,2017,4,intermediate
AUSMDU00008393,2017,4,intermediate
AUSMDU00008394,2017,4,intermediate
AUSMDU00008570,2017,4,intermediate
AUSMDU00010602,2017,4,intermediate
AUSMDU00010605,2017,4,intermediate
AUSMDU00010617,2017,4,intermediate
AUSMDU00010640,2017,4,intermediate
AUSMDU00010808,2017,4,intermediate
AUSMDU00010910,2017,4,intermediate
AUSMDU00011137,2017,4,intermediate
AUSMDU00011298,2017,4,intermediate
AUSMDU00011340,2017,4,intermediate
AUSMDU00011477,2017,4,intermediate
AUSMDU00011710,2017,4,intermediate
AUSMDU00011877,2018,4,intermediate
AUSMDU00012084,2018,4,intermediate
AUSMDU00014828,2018,4,intermediate
AUSMDU00036540,2019,4,intermediate
AUSMDU00046081,2020,4,intermediate
AUSMDU00060088,2021,4,intermediate
AUSMDU00072253,2022,4,intermediate
AUSMDU00073264,2020,4,intermediate
AUSMDU00074711,2022,4,intermediate
AUSMDU00017285,2017,8,resistant
AUSMDU00035099,2019,8,resistant
AUSMDU00036907,2019,8,resistant
AUSMDU00040355,2020,8,resistant
AUSMDU00067942,2022,8,resistant
AUSMDU00068490,2022,8,resistant
AUSMDU00068868,2022,8,resistant
AUSMDU00072302,2022,8,resistant
AUSMDU00084267,2023,8,resistant
AUSMDU00032286,2019,<=0.5,susceptible
AUSMDU00032566,2019,<=0.5,susceptible
AUSMDU00040966,2020,>8,resistant
AUSMDU00056207,2021,>8,resistant
AUSMDU00069550,2022,>8,resistant
AUSMDU00004212,2015,,
AUSMDU00015593,2018,,
AUSMDU00015839,2018,,