Accession,country
GCA_017101495.1,Australia
GCA_017664195.1,Australia
GCA_025973165.1,Australia
GCA_025983725.1,Australia
GCA_027790995.1,Australia
GCA_015409415.1,Australia
SRR10276527,Australia
SRR19441643,Australia
SRR19441646,Australia
SRR19441695,Australia
SRR19441759,Australia
SRR19441797,Australia
SRR19441844,Australia
SRR19441872,Australia
SRR19441906,Australia
SRR19441990,Australia
SRR19442324,Australia
SRR19442658,Australia
SRR19442795,Australia
SRR6195412,Australia
SRR10040956,Australia
GCA_026942205.1,Belgium
GCA_021121175.1,Belgium
GCA_021121205.1,Belgium
GCA_021121275.1,Belgium
GCA_021121325.1,Belgium
GCA_021121395.1,Belgium
GCA_021121485.1,Belgium
GCA_021121665.1,Belgium
GCA_021122055.1,Belgium
GCA_021122155.1,Belgium
GCA_021122225.1,Belgium
GCA_021122265.1,Belgium
GCA_021122345.1,Belgium
GCA_021122385.1,Belgium
GCA_021122425.1,Belgium
GCA_021122445.1,Belgium
GCA_021122465.1,Belgium
GCA_021122505.1,Belgium
GCA_021122645.1,Belgium
GCA_021122785.1,Belgium
GCA_021122825.1,Belgium
GCA_021122985.1,Belgium
GCA_021123005.1,Belgium
GCA_021123075.1,Belgium
GCA_021123205.1,Belgium
GCA_021123405.1,Belgium
GCA_021123525.1,Belgium
GCA_021123545.1,Belgium
GCA_021123585.1,Belgium
GCA_021123645.1,Belgium
GCA_021123825.1,Belgium
GCA_021124145.1,Belgium
GCA_021124165.1,Belgium
GCA_021124315.1,Belgium
GCA_021124445.1,Belgium
GCA_021121615.1,Belgium
GCA_021121685.1,Belgium
GCA_021121745.1,Belgium
GCA_021121825.1,Belgium
GCA_021121925.1,Belgium
GCA_021121945.1,Belgium
GCA_021122295.1,Belgium
GCA_021122585.1,Belgium
GCA_021122605.1,Belgium
GCA_021122705.1,Belgium
GCA_021122765.1,Belgium
GCA_021122805.1,Belgium
GCA_021123285.1,Belgium
GCA_021123345.1,Belgium
GCA_021123505.1,Belgium
GCA_021123605.1,Belgium
GCA_021123875.1,Belgium
GCA_021124205.1,Belgium
GCA_021124265.1,Belgium
SRR13080468,Belgium
SRR21102102,Belgium
SRR21102107,Belgium
SRR21102110,Belgium
SRR21102113,Belgium
SRR21102114,Belgium
SRR21102115,Belgium
SRR21102123,Belgium
SRR21102125,Belgium
SRR21102130,Belgium
SRR21102131,Belgium
GCA_020163015.1,Brazil
GCA_013326905.1,Canada
GCA_013326855.1,Canada
SRR14024963,Canada
SRR14024972,Canada
SRR14024974,Canada
SRR14024975,Canada
SRR14024978,Canada
SRR14024984,Canada
SRR14024990,Canada
SRR14026459,Canada
SRR14026497,Canada
SRR14026508,Canada
SRR14026532,Canada
SRR14024983,Canada
SRR14025000,Canada
GCA_004103165.1,China
GCA_019356355.1,China
GCA_019731315.1,China
GCA_025629065.1,China
GCA_022426705.1,China
GCA_016743855.1,China
GCA_019992745.1,China
GCA_019992785.1,China
GCA_019992805.1,China
GCA_019992835.1,China
GCA_021560195.1,China
GCA_023182815.2,China
GCA_023182835.2,China
GCA_025641905.1,China
GCA_025753015.1,China
GCA_025753055.1,China
GCA_025753095.1,China
GCA_025753115.1,China
GCA_025753135.1,China
GCA_025753145.1,China
GCA_025753175.1,China
GCA_025753195.1,China
GCA_025753215.1,China
GCA_025753255.1,China
GCA_025753275.1,China
GCA_025753285.1,China
GCA_025753315.1,China
GCA_025753335.1,China
GCA_025753345.1,China
GCA_025753385.1,China
GCA_025753435.1,China
GCA_025753485.1,China
GCA_025753515.1,China
GCA_025753575.1,China
GCA_025753655.1,China
GCA_025753745.1,China
GCA_025800545.1,China
GCA_025800625.1,China
GCA_025847735.1,China
GCA_025913595.1,China
GCA_025913615.1,China
GCA_025913635.1,China
GCA_025913655.1,China
GCA_025913675.1,China
GCA_025916235.1,China
GCA_026202095.1,China
GCA_026202215.1,China
GCA_026202455.1,China
GCA_026203075.1,China
GCA_026203095.1,China
GCA_026203285.1,China
GCA_026203655.1,China
GCA_026203695.1,China
GCA_026203855.1,China
GCA_026203875.1,China
GCA_026204115.1,China
GCA_026204135.1,China
GCA_026204185.1,China
GCA_027944535.1,China
GCA_028891525.1,China
GCA_029814255.1,China
GCA_030064735.1,China
GCA_030179055.1,China
GCA_030179115.1,China
GCA_030179135.1,China
GCA_030179175.1,China
GCA_030179235.1,China
GCA_030179275.1,China
GCA_030179285.1,China
GCA_030179335.1,China
GCA_030179375.1,China
GCA_030179465.1,China
GCA_030179505.1,China
GCA_007923785.2,China
GCA_007923865.2,China
GCA_007923885.2,China
GCA_007923905.2,China
GCA_007923925.2,China
GCA_007923945.2,China
GCA_007923965.2,China
GCA_012222705.1,China
GCA_014218175.1,China
GCA_018279145.1,China
GCA_019992685.1,China
GCA_019992705.1,China
GCA_019992725.1,China
GCA_019992765.1,China
GCA_019992825.1,China
GCA_019992865.1,China
GCA_025753075.1,China
GCA_025753375.1,China
GCA_025847705.1,China
GCA_030179355.1,China
GCA_030179575.1,China
SRR13009678,Czech Republic
SRR22543276,Czech Republic
GCA_028768695.1,Denmark
GCA_015457725.1,Denmark
GCA_028784175.1,Denmark
GCA_015642685.1,Denmark
SRR13984233,Denmark
SRR13984403,Denmark
SRR14889759,Denmark
SRR16608738,Denmark
GCA_002973755.2,France
GCA_025477735.1,France
GCA_025477945.1,France
GCA_025478095.1,France
GCA_025479745.1,France
GCA_002973675.1,France
GCA_002973715.1,France
GCA_018517065.1,France
GCA_018517085.1,France
GCA_025476665.1,France
GCA_025476955.1,France
GCA_025477335.1,France
GCA_025477835.1,France
GCA_025481845.1,France
GCA_018516845.1,France
GCA_018516925.1,France
GCA_018517045.1,France
GCA_018517105.1,France
GCA_018517185.1,France
GCA_025477065.1,France
GCA_025477585.1,France
GCA_025478015.1,France
GCA_025478225.1,France
GCA_025478705.1,France
GCA_025479445.1,France
GCA_025481715.1,France
GCA_947051815.1,France
GCA_014489995.1,Germany
GCA_014490015.1,Germany
GCA_021420065.1,Germany
GCA_021471745.1,Germany
GCA_015361995.1,Germany
GCA_015362245.1,Germany
GCA_021418945.1,Germany
GCA_021418965.1,Germany
SRR10694396,Germany
SRR11730539,Germany
SRR13480558,Germany
SRR13480564,Germany
SRR3870891,Germany
SRR11910990,Germany
SRR11911039,Germany
SRR20936700,Germany
SRR3870887,Germany
SRR3870888,Germany
SRR3870889,Germany
SRR3870890,Germany
SRR6456334,Germany
SRR6456336,Germany
SRR6456337,Germany
SRR6456341,Germany
SRR6456344,Germany
SRR6456345,Germany
SRR6818540,Germany
GCA_012932975.2,India
GCA_012932985.2,India
GCA_012933185.1,India
GCA_017815695.1,India
GCA_025953925.1,India
GCA_025953965.1,India
GCA_025960185.1,India
GCA_005517315.1,India
GCA_005576735.1,India
SRR13902732,India
SRR13902733,India
SRR13902734,India
SRR23047320,India
SRR23047321,India
SRR23047323,India
SRR23047324,India
SRR23047325,India
GCA_021320335.1,Ireland
GCA_021331195.1,Ireland
GCA_021332155.1,Ireland
GCA_021332575.1,Ireland
GCA_021338915.1,Ireland
SRR15186232,Ireland
SRR15186539,Ireland
GCA_016917895.1,Italy
GCA_016917915.1,Italy
GCA_016917925.1,Italy
GCA_016917945.1,Italy
GCA_016917965.1,Italy
GCA_024296645.1,Italy
GCA_024586475.1,Italy
GCA_030295785.1,Japan
GCA_030270185.1,Japan
GCA_030270245.1,Japan
GCA_030295825.1,Japan
GCA_900639575.1,Netherlands
GCA_900639585.1,Netherlands
SRR6818536,Netherlands
SRR6818580,Netherlands
SRR10094570,Pakistan
SRR10094571,Pakistan
SRR10094574,Pakistan
SRR10094578,Pakistan
SRR10094580,Pakistan
SRR10094581,Pakistan
SRR10094582,Pakistan
SRR10094586,Pakistan
SRR10094587,Pakistan
SRR10094588,Pakistan
SRR10094589,Pakistan
SRR10094591,Pakistan
SRR10094593,Pakistan
SRR10094596,Pakistan
SRR10094597,Pakistan
SRR10094598,Pakistan
SRR10094599,Pakistan
SRR10094600,Pakistan
SRR10094601,Pakistan
SRR10094602,Pakistan
SRR10094603,Pakistan
SRR10094604,Pakistan
SRR10094605,Pakistan
SRR10094607,Pakistan
SRR10094608,Pakistan
SRR10094609,Pakistan
SRR10094610,Pakistan
SRR10094612,Pakistan
SRR10094613,Pakistan
SRR10094614,Pakistan
SRR10094619,Pakistan
SRR10094620,Pakistan
SRR10094621,Pakistan
GCA_009707525.1,Portugal
GCA_029378825.1,Portugal
GCA_019352635.1,Portugal
GCA_019352685.1,Portugal
SRR17609593,Portugal
SRR10123248,Qatar
SRR10123251,Qatar
GCA_021311095.1,Reunion
GCA_021311125.1,Reunion
GCA_021311135.1,Reunion
GCA_021311175.1,Reunion
GCA_021311275.1,Reunion
GCA_021311315.1,Reunion
GCA_021311335.1,Reunion
GCA_021311495.1,Reunion
GCA_025477655.1,Reunion
GCA_025478555.1,Reunion
GCA_021311015.1,Reunion
GCA_025481835.1,Reunion
GCA_030340025.1,South Korea
GCA_030340045.1,South Korea
GCA_030340165.1,South Korea
GCA_030340365.1,South Korea
GCA_030340395.1,South Korea
GCA_025515395.1,South Korea
SRR16631799,Spain
GCA_019175425.1,Switzerland
GCA_019175445.1,Switzerland
GCA_019175505.1,Switzerland
GCA_019175525.1,Switzerland
GCA_019201605.1,Switzerland
GCA_019175465.1,Switzerland
SRR19369843,Thailand
GCA_009707535.1,Tunisia
GCA_015402705.1,USA
GCA_020927235.1,USA
GCA_004332055.1,USA
GCA_029319235.1,USA
GCA_029320745.1,USA
SRR16347149,USA
SRR16347286,USA
SRR16866653,USA
SRR16866735,USA
SRR16866782,USA
SRR16866792,USA
SRR16917000,USA
SRR16866838,USA
SRR16866849,USA
GCA_025998395.1,Vietnam
GCA_026012595.1,Vietnam
GCA_023299805.1,NA
GCA_023375225.1,NA